ISO-10303-21;
HEADER;
FILE_DESCRIPTION (( 'STEP AP214' ),
    '1' );
FILE_NAME ('RPi_Fan_Mount.STEP',
    '2025-09-17T23:59:33',
    ( '' ),
    ( '' ),
    'SwSTEP 2.0',
    'SolidWorks 2025',
    '' );
FILE_SCHEMA (( 'AUTOMOTIVE_DESIGN' ));
ENDSEC;

DATA;
#1 = EDGE_CURVE ( 'NONE', #1814, #2418, #369, .T. ) ;
#2 = CARTESIAN_POINT ( 'NONE',  ( 5.627603484061243222, -1.658442349799364113, -51.00552480178037484 ) ) ;
#3 = CARTESIAN_POINT ( 'NONE',  ( 4.099999999999962341, 0.000000000000000000, -55.19903837262236124 ) ) ;
#4 = CARTESIAN_POINT ( 'NONE',  ( 61.49999999999999289, -5.700000000000000178, -4.749999999999986677 ) ) ;
#5 = FACE_OUTER_BOUND ( 'NONE', #1897, .T. ) ;
#6 = CARTESIAN_POINT ( 'NONE',  ( 0.4999999999999918954, -0.8368683719517773234, -2.181071750434149692 ) ) ;
#7 = ORIENTED_EDGE ( 'NONE', *, *, #2325, .F. ) ;
#8 = CARTESIAN_POINT ( 'NONE',  ( 3.993610195105541827, -0.7735415014799066347, -55.05657082838554572 ) ) ;
#9 = CIRCLE ( 'NONE', #1882, 1.449999999999999956 ) ;
#10 = ORIENTED_EDGE ( 'NONE', *, *, #652, .F. ) ;
#11 = AXIS2_PLACEMENT_3D ( 'NONE', #1540, #1567, #2117 ) ;
#12 = DIRECTION ( 'NONE',  ( 0.000000000000000000, 0.000000000000000000, 1.000000000000000000 ) ) ;
#13 = EDGE_CURVE ( 'NONE', #604, #1337, #1522, .T. ) ;
#14 = DIRECTION ( 'NONE',  ( -0.000000000000000000, 1.000000000000000000, -0.000000000000000000 ) ) ;
#15 = CIRCLE ( 'NONE', #1031, 2.600000000000010747 ) ;
#16 = CARTESIAN_POINT ( 'NONE',  ( 6.404339795121534173, -2.168404344971008868E-16, -49.87473863070538727 ) ) ;
#17 = AXIS2_PLACEMENT_3D ( 'NONE', #2027, #1388, #612 ) ;
#18 = ADVANCED_FACE ( 'NONE', ( #5 ), #2493, .T. ) ;
#19 = CARTESIAN_POINT ( 'NONE',  ( 32.49999999999999289, 1.800000000000000044, -24.49999999999998579 ) ) ;
#20 = DIRECTION ( 'NONE',  ( 0.000000000000000000, 0.000000000000000000, 1.000000000000000000 ) ) ;
#21 = CARTESIAN_POINT ( 'NONE',  ( 1.331547863285757582, -0.5073805818395303868, -0.6309095156231796508 ) ) ;
#22 = DIRECTION ( 'NONE',  ( 0.000000000000000000, 0.000000000000000000, -1.000000000000000000 ) ) ;
#23 = ORIENTED_EDGE ( 'NONE', *, *, #374, .T. ) ;
#24 = DIRECTION ( 'NONE',  ( 0.1838906036878585060, -0.9829467156846880549, 7.709882115452475800E-15 ) ) ;
#25 = ORIENTED_EDGE ( 'NONE', *, *, #1107, .F. ) ;
#26 = CARTESIAN_POINT ( 'NONE',  ( 6.976999537676800145, 1.800000000000000044, -43.94910121955330595 ) ) ;
#27 = CYLINDRICAL_SURFACE ( 'NONE', #2124, 2.500000000000000444 ) ;
#28 = DIRECTION ( 'NONE',  ( 0.000000000000000000, 1.000000000000000000, -0.000000000000000000 ) ) ;
#29 = LINE ( 'NONE', #1375, #457 ) ;
#30 = CARTESIAN_POINT ( 'NONE',  ( 12.49999999999999289, 0.000000000000000000, -4.499999999999990230 ) ) ;
#31 = EDGE_CURVE ( 'NONE', #687, #121, #1927, .T. ) ;
#32 = CARTESIAN_POINT ( 'NONE',  ( 1.879931015764069180, -0.4802814878735475190, -0.2588591296622873572 ) ) ;
#33 = CARTESIAN_POINT ( 'NONE',  ( 6.095579585135316059, -1.006439530291538542, -52.32843825791881898 ) ) ;
#34 = ORIENTED_EDGE ( 'NONE', *, *, #2023, .F. ) ;
#35 = CARTESIAN_POINT ( 'NONE',  ( 61.49999999999999289, -5.700000000000000178, -3.499999999999996003 ) ) ;
#36 = ORIENTED_EDGE ( 'NONE', *, *, #1780, .T. ) ;
#37 = CARTESIAN_POINT ( 'NONE',  ( 3.503117447181700594, -0.5815128341386978095, -55.10153350985598308 ) ) ;
#38 = CARTESIAN_POINT ( 'NONE',  ( 0.8999999999999795941, 0.000000000000000000, -49.44381256251588042 ) ) ;
#39 = CARTESIAN_POINT ( 'NONE',  ( 5.526605115969366544, -1.738887601325884935, -50.87120711456739031 ) ) ;
#40 = DIRECTION ( 'NONE',  ( 0.000000000000000000, 0.000000000000000000, 1.000000000000000000 ) ) ;
#41 = DIRECTION ( 'NONE',  ( 0.000000000000000000, 1.000000000000000000, 0.000000000000000000 ) ) ;
#42 = LINE ( 'NONE', #812, #2441 ) ;
#43 = DIRECTION ( 'NONE',  ( 0.000000000000000000, 1.000000000000000000, -0.000000000000000000 ) ) ;
#44 = DIRECTION ( 'NONE',  ( 0.000000000000000000, -1.000000000000000000, 0.000000000000000000 ) ) ;
#45 = CARTESIAN_POINT ( 'NONE',  ( 59.69734704927254398, -0.1733138236013729294, 1.387778780781445991E-14 ) ) ;
#46 = EDGE_CURVE ( 'NONE', #1345, #658, #500, .T. ) ;
#47 = EDGE_LOOP ( 'NONE', ( #492, #566, #2246, #2089 ) ) ;
#48 = CARTESIAN_POINT ( 'NONE',  ( 6.049589313694980319, -1.117284476897547396, -51.96934014871626317 ) ) ;
#49 = EDGE_CURVE ( 'NONE', #2434, #79, #1563, .T. ) ;
#50 = VECTOR ( 'NONE', #2139, 1000.000000000000000 ) ;
#51 = ORIENTED_EDGE ( 'NONE', *, *, #2263, .T. ) ;
#52 = CARTESIAN_POINT ( 'NONE',  ( 4.100000000000006750, -0.6963209641471069800, -56.85889894354068019 ) ) ;
#53 = AXIS2_PLACEMENT_3D ( 'NONE', #776, #399, #20 ) ;
#54 = CARTESIAN_POINT ( 'NONE',  ( 63.00000000000000000, 1.800000000000000044, 1.387778780781445676E-14 ) ) ;
#55 = AXIS2_PLACEMENT_3D ( 'NONE', #2260, #1919, #2107 ) ;
#56 = CARTESIAN_POINT ( 'NONE',  ( 5.583503828695032922, -1.694772125986017786, -50.94467834478809465 ) ) ;
#57 = CARTESIAN_POINT ( 'NONE',  ( 32.49999999999999289, 1.800000000000000044, -1.999999999999984457 ) ) ;
#58 = FACE_OUTER_BOUND ( 'NONE', #1055, .T. ) ;
#59 = B_SPLINE_CURVE_WITH_KNOTS ( 'NONE', 3,
 ( #1963, #2500, #196, #2000, #650, #2176 ),
 .UNSPECIFIED., .F., .F.,
 ( 4, 2, 4 ),
 ( 0.001531469565631006155, 0.002567207242463467442, 0.003602944919295928729 ),
 .UNSPECIFIED. ) ;
#60 = AXIS2_PLACEMENT_3D ( 'NONE', #1523, #395, #1748 ) ;
#61 = DIRECTION ( 'NONE',  ( -0.000000000000000000, 1.000000000000000000, -0.000000000000000000 ) ) ;
#62 = CARTESIAN_POINT ( 'NONE',  ( 3.199999999999995293, 1.800000000000000044, -55.19903837262236124 ) ) ;
#63 = CARTESIAN_POINT ( 'NONE',  ( 6.099762974765320145, -0.9955921257853025397, -52.41104310301157199 ) ) ;
#64 = CARTESIAN_POINT ( 'NONE',  ( 12.49999999999999289, 1.800000000000000044, -5.949999999999990408 ) ) ;
#65 = ORIENTED_EDGE ( 'NONE', *, *, #2310, .T. ) ;
#66 = CARTESIAN_POINT ( 'NONE',  ( 6.400000000000023448, 3.345007174085474195E-14, -50.42725694946438608 ) ) ;
#67 =( BOUNDED_SURFACE ( )  B_SPLINE_SURFACE ( 2, 3, ( 
 ( #1065, #1630, #2396, #282, #104, #1051, #1833, #88 ),
 ( #1794, #1643, #1986, #1936, #194, #2311, #587, #1583 ),
 ( #2123, #772, #386, #2146, #961, #16, #408, #1168 ) ),
 .UNSPECIFIED., .F., .F., .F. ) 
 B_SPLINE_SURFACE_WITH_KNOTS ( ( 3, 3 ),
 ( 4, 2, 2, 4 ),
 ( 0.000000000000000000, 1.000000000000000000 ),
 ( 0.5312803870773502579, 0.6069232839462167517, 0.6825661808150832455, 0.8338519745528162330 ),
 .UNSPECIFIED. ) 
 GEOMETRIC_REPRESENTATION_ITEM ( )  RATIONAL_B_SPLINE_SURFACE ( (
 ( 1.000000000000000000, 1.000000000000000000, 1.000000000000000000, 1.000000000000000000, 1.000000000000000000, 1.000000000000000000, 1.000000000000000000, 1.000000000000000000),
 ( 0.7071067811865477948, 0.7440794925297765650, 0.7540252909336935261, 0.7754261767376435799, 0.7827975151460881964, 0.8011960345361019975, 0.8077148966204553693, 0.8153265576188396535),
 ( 1.000000000000000000, 1.000000000000000000, 1.000000000000000000, 1.000000000000000000, 1.000000000000000000, 1.000000000000000000, 1.000000000000000000, 1.000000000000000000) ) ) 
 REPRESENTATION_ITEM ( '' )  SURFACE ( )  );
#68 = EDGE_CURVE ( 'NONE', #2409, #2034, #2360, .T. ) ;
#69 = ORIENTED_EDGE ( 'NONE', *, *, #2009, .F. ) ;
#70 = LINE ( 'NONE', #1455, #1393 ) ;
#71 = CARTESIAN_POINT ( 'NONE',  ( 61.49999999999999289, -1.500000000000026423, -6.100000000000006750 ) ) ;
#72 = VERTEX_POINT ( 'NONE', #1389 ) ;
#73 = DIRECTION ( 'NONE',  ( 1.416100796715760863E-16, 0.000000000000000000, 1.000000000000000000 ) ) ;
#74 = DIRECTION ( 'NONE',  ( -0.8067381522408565431, -6.821601707777077868E-16, -0.5909090909090912724 ) ) ;
#75 = DIRECTION ( 'NONE',  ( 0.000000000000000000, 1.000000000000000000, -0.000000000000000000 ) ) ;
#76 = CARTESIAN_POINT ( 'NONE',  ( 3.332912722734253652, -0.6000000000000192957, -7.000000000000006217 ) ) ;
#77 = ORIENTED_EDGE ( 'NONE', *, *, #1975, .T. ) ;
#78 = CARTESIAN_POINT ( 'NONE',  ( 6.400000000000007461, 3.167884669590704866E-14, -51.11703738402111696 ) ) ;
#79 = VERTEX_POINT ( 'NONE', #224 ) ;
#80 = CARTESIAN_POINT ( 'NONE',  ( 1.309200184929254496, 0.000000000000000000, -48.09939788480101441 ) ) ;
#81 = EDGE_CURVE ( 'NONE', #2457, #391, #1271, .T. ) ;
#82 = ORIENTED_EDGE ( 'NONE', *, *, #1, .F. ) ;
#83 = CARTESIAN_POINT ( 'NONE',  ( 6.089285717798174957, -1.021795880857159444, -52.73579540200434224 ) ) ;
#84 = EDGE_CURVE ( 'NONE', #1542, #1359, #666, .T. ) ;
#85 = CARTESIAN_POINT ( 'NONE',  ( 3.499999999999996003, -1.500000000000026423, -0.8999999999999854783 ) ) ;
#86 = DIRECTION ( 'NONE',  ( 0.000000000000000000, 0.000000000000000000, 1.000000000000000000 ) ) ;
#87 = AXIS2_PLACEMENT_3D ( 'NONE', #254, #1781, #2340 ) ;
#88 = CARTESIAN_POINT ( 'NONE',  ( 5.639547917026626500, -1.649389495743511791, -51.02272727272608677 ) ) ;
#89 = ORIENTED_EDGE ( 'NONE', *, *, #1558, .T. ) ;
#90 = CARTESIAN_POINT ( 'NONE',  ( 6.399999999999935518, -3.431743347884322754E-14, -50.88052567268273663 ) ) ;
#91 = B_SPLINE_CURVE_WITH_KNOTS ( 'NONE', 3,
 ( #759, #1938, #1182, #1170 ),
 .UNSPECIFIED., .F., .F.,
 ( 4, 4 ),
 ( -1.028613387364114891E-05, 0.0003370804002133376406 ),
 .UNSPECIFIED. ) ;
#92 = ORIENTED_EDGE ( 'NONE', *, *, #1872, .T. ) ;
#93 = CARTESIAN_POINT ( 'NONE',  ( 0.8999999998579512051, 9.930659186744897902E-10, -52.96221747463031448 ) ) ;
#94 = AXIS2_PLACEMENT_3D ( 'NONE', #1387, #1616, #2187 ) ;
#95 = VERTEX_POINT ( 'NONE', #1434 ) ;
#96 = DIRECTION ( 'NONE',  ( 0.000000000000000000, 0.000000000000000000, 1.000000000000000000 ) ) ;
#97 = B_SPLINE_CURVE_WITH_KNOTS ( 'NONE', 3,
 ( #2248, #1495, #1095, #2273 ),
 .UNSPECIFIED., .F., .F.,
 ( 4, 4 ),
 ( 0.000000000000000000, 0.0009364813781088590769 ),
 .UNSPECIFIED. ) ;
#98 = CLOSED_SHELL ( 'NONE', ( #201, #1176, #1291, #147, #515, #894, #450, #1246, #1956, #198, #571, #1989, #726, #1930, #2140, #747, #1162, #1025, #1349, #2378, #2464, #233, #2453, #1132, #1557, #1485, #1704, #1839, #1277, #390, #1532, #287, #2449, #924, #864, #1795, #1076, #1307, #2355, #1295, #1974, #366, #2341, #2433, #1102, #2189, #897, #18, #1687, #2390, #1093, #202, #1061, #1327, #422, #603, #1777, #562, #1742, #133, #1888, #649, #639, #303, #497, #1195 ) ) ;
#99 = EDGE_CURVE ( 'NONE', #2468, #117, #1978, .T. ) ;
#100 = CARTESIAN_POINT ( 'NONE',  ( 12.49999999999999289, 1.800000000000000044, -4.499999999999990230 ) ) ;
#101 = AXIS2_PLACEMENT_3D ( 'NONE', #717, #509, #1491 ) ;
#102 = DIRECTION ( 'NONE',  ( 0.000000000000000000, 1.000000000000000000, 0.000000000000000000 ) ) ;
#103 = CYLINDRICAL_SURFACE ( 'NONE', #598, 1.449999999999999956 ) ;
#104 = CARTESIAN_POINT ( 'NONE',  ( 5.477533713295748008, -1.768474014031787167, -50.81153276152053877 ) ) ;
#105 = VERTEX_POINT ( 'NONE', #828 ) ;
#106 = DIRECTION ( 'NONE',  ( 0.000000000000000000, 1.000000000000000000, -0.000000000000000000 ) ) ;
#107 = MECHANICAL_DESIGN_GEOMETRIC_PRESENTATION_REPRESENTATION (  '', ( #904 ), #2290 ) ;
#108 = ORIENTED_EDGE ( 'NONE', *, *, #2374, .T. ) ;
#109 = ORIENTED_EDGE ( 'NONE', *, *, #551, .T. ) ;
#110 = CARTESIAN_POINT ( 'NONE',  ( 0.9260043890210801765, -0.1615013901130164520, -52.88080318634861499 ) ) ;
#111 = ORIENTED_EDGE ( 'NONE', *, *, #402, .T. ) ;
#112 = DIRECTION ( 'NONE',  ( 0.000000000000000000, 0.000000000000000000, 1.000000000000000000 ) ) ;
#113 = LINE ( 'NONE', #2028, #460 ) ;
#114 = CARTESIAN_POINT ( 'NONE',  ( 3.499999999999989342, -5.700000000000000178, -52.49999999999999289 ) ) ;
#115 = CARTESIAN_POINT ( 'NONE',  ( 63.87555561407823035, 0.000000000000000000, -0.1583334211173125505 ) ) ;
#116 = EDGE_CURVE ( 'NONE', #2193, #718, #1640, .T. ) ;
#117 = VERTEX_POINT ( 'NONE', #1038 ) ;
#118 = PRODUCT ( 'RPi_Fan_Mount', 'RPi_Fan_Mount', '', ( #775 ) ) ;
#119 = CARTESIAN_POINT ( 'NONE',  ( 1.309200184929254496, 1.800000000000000044, -48.09939788480101441 ) ) ;
#120 = FACE_OUTER_BOUND ( 'NONE', #683, .T. ) ;
#121 = VERTEX_POINT ( 'NONE', #2163 ) ;
#122 = CARTESIAN_POINT ( 'NONE',  ( 1.350354868119083784, -2.579514362481676257E-10, -54.27462349976932643 ) ) ;
#123 = ORIENTED_EDGE ( 'NONE', *, *, #237, .F. ) ;
#124 = CARTESIAN_POINT ( 'NONE',  ( 7.999999999999986677, 1.800000000000000044, -41.93205576500784559 ) ) ;
#125 = CYLINDRICAL_SURFACE ( 'NONE', #1683, 2.600000000000012079 ) ;
#126 = CARTESIAN_POINT ( 'NONE',  ( 4.780424665445641708, -1.038853857958111249, -54.76748125585385196 ) ) ;
#127 = CARTESIAN_POINT ( 'NONE',  ( 3.499999999999996003, -0.6000000000000176303, 1.387778780781445676E-14 ) ) ;
#128 = VERTEX_POINT ( 'NONE', #1601 ) ;
#129 = EDGE_CURVE ( 'NONE', #95, #2193, #1863, .T. ) ;
#130 = CARTESIAN_POINT ( 'NONE',  ( 0.4999999999999916733, -1.029956202399626486, -4.172514046541706101 ) ) ;
#131 = CARTESIAN_POINT ( 'NONE',  ( 1.368107316415174246, -0.4900620909761275734, -50.96164788742144935 ) ) ;
#132 = ORIENTED_EDGE ( 'NONE', *, *, #1145, .F. ) ;
#133 = ADVANCED_FACE ( 'NONE', ( #427 ), #174, .F. ) ;
#134 = CARTESIAN_POINT ( 'NONE',  ( 2.147662618783699351, -0.3858787320792677056, -54.72563818100220345 ) ) ;
#135 = ORIENTED_EDGE ( 'NONE', *, *, #1541, .F. ) ;
#136 = DIRECTION ( 'NONE',  ( -0.000000000000000000, -1.000000000000000000, -0.000000000000000000 ) ) ;
#137 = PLANE ( 'NONE',  #660 ) ;
#138 = CARTESIAN_POINT ( 'NONE',  ( 61.49999999999999289, -0.6000000000000176303, 1.387778780781445676E-14 ) ) ;
#139 = LINE ( 'NONE', #2266, #1217 ) ;
#140 = VECTOR ( 'NONE', #1354, 1000.000000000000227 ) ;
#141 = VECTOR ( 'NONE', #2299, 1000.000000000000000 ) ;
#142 = EDGE_LOOP ( 'NONE', ( #1343, #2083, #1342, #2279 ) ) ;
#143 = CARTESIAN_POINT ( 'NONE',  ( 0.9453391527560156549, -0.4466103324125315632, -52.98818151955890698 ) ) ;
#144 = ORIENTED_EDGE ( 'NONE', *, *, #299, .F. ) ;
#145 = CIRCLE ( 'NONE', #1891, 1.250000000000001110 ) ;
#146 = CARTESIAN_POINT ( 'NONE',  ( 7.999999999999991118, 1.800000000000000044, -8.496604780294556305E-16 ) ) ;
#147 = ADVANCED_FACE ( 'NONE', ( #1819 ), #995, .T. ) ;
#148 = ORIENTED_EDGE ( 'NONE', *, *, #2023, .T. ) ;
#149 = CARTESIAN_POINT ( 'NONE',  ( 1.881795009459162449, -0.4802720770707607501, -6.742106719453009767 ) ) ;
#150 = FACE_OUTER_BOUND ( 'NONE', #2284, .T. ) ;
#151 = CARTESIAN_POINT ( 'NONE',  ( 4.367110245682827241, -0.4977082987909500211, -7.000000000000005329 ) ) ;
#152 = VERTEX_POINT ( 'NONE', #1965 ) ;
#153 = DIRECTION ( 'NONE',  ( -0.000000000000000000, -1.000000000000000000, -0.000000000000000000 ) ) ;
#154 = ORIENTED_EDGE ( 'NONE', *, *, #1028, .T. ) ;
#155 = DIRECTION ( 'NONE',  ( 0.000000000000000000, 0.000000000000000000, -1.000000000000000000 ) ) ;
#156 = ORIENTED_EDGE ( 'NONE', *, *, #753, .F. ) ;
#157 = EDGE_CURVE ( 'NONE', #2100, #1551, #342, .T. ) ;
#158 = DIRECTION ( 'NONE',  ( 0.000000000000000000, 0.000000000000000000, 1.000000000000000000 ) ) ;
#159 = EDGE_CURVE ( 'NONE', #2409, #391, #42, .T. ) ;
#160 = DIRECTION ( 'NONE',  ( 9.637352644315598694E-16, 0.9913913476327663732, -0.1309320275520373666 ) ) ;
#161 = DIRECTION ( 'NONE',  ( -1.000000000000000000, 0.000000000000000000, 3.965082230804119570E-15 ) ) ;
#162 = ORIENTED_EDGE ( 'NONE', *, *, #436, .F. ) ;
#163 = DIRECTION ( 'NONE',  ( 0.000000000000000000, 0.000000000000000000, -1.000000000000000000 ) ) ;
#164 = DIRECTION ( 'NONE',  ( 0.000000000000000000, 1.000000000000000000, -0.000000000000000000 ) ) ;
#165 = CARTESIAN_POINT ( 'NONE',  ( 3.499999999999996003, -1.500000000000026423, -3.499999999999996003 ) ) ;
#166 = ORIENTED_EDGE ( 'NONE', *, *, #1339, .F. ) ;
#167 = CARTESIAN_POINT ( 'NONE',  ( 3.020598580267273459, -0.7017153931224868746, -55.06013582020432295 ) ) ;
#168 = ORIENTED_EDGE ( 'NONE', *, *, #834, .T. ) ;
#169 = CARTESIAN_POINT ( 'NONE',  ( 52.49999999999999289, 1.800000000000000044, -4.499999999999990230 ) ) ;
#170 = CARTESIAN_POINT ( 'NONE',  ( 5.800600921503166418, -1.153011266165286708, -53.72027157009794962 ) ) ;
#171 = SHAPE_DEFINITION_REPRESENTATION ( #2365, #1347 ) ;
#172 = EDGE_CURVE ( 'NONE', #1119, #1337, #676, .T. ) ;
#173 = ORIENTED_EDGE ( 'NONE', *, *, #2006, .F. ) ;
#174 = TOROIDAL_SURFACE ( 'NONE', #1644, 4.400000000000011902, 1.800000000000000044 ) ;
#175 = EDGE_LOOP ( 'NONE', ( #1648, #2195, #1904, #537 ) ) ;
#176 = LINE ( 'NONE', #1874, #2119 ) ;
#177 = CIRCLE ( 'NONE', #2201, 1.800000000000000044 ) ;
#178 = B_SPLINE_CURVE_WITH_KNOTS ( 'NONE', 3,
 ( #138, #914, #1114, #1459, #2265, #877 ),
 .UNSPECIFIED., .F., .F.,
 ( 4, 2, 4 ),
 ( 0.002229791514101474997, 0.002993065678470082681, 0.003756339842838710315 ),
 .UNSPECIFIED. ) ;
#179 = AXIS2_PLACEMENT_3D ( 'NONE', #714, #1500, #2054 ) ;
#180 = ORIENTED_EDGE ( 'NONE', *, *, #1553, .F. ) ;
#181 = CARTESIAN_POINT ( 'NONE',  ( 1.309200184929254496, 1.800000000000000044, -48.09939788480101441 ) ) ;
#182 = VECTOR ( 'NONE', #2509, 1000.000000000000000 ) ;
#183 = CYLINDRICAL_SURFACE ( 'NONE', #1923, 1.000000000000007772 ) ;
#184 = CARTESIAN_POINT ( 'NONE',  ( 3.499999999999989342, 0.000000000000000000, -48.09999999999997300 ) ) ;
#185 = VERTEX_POINT ( 'NONE', #489 ) ;
#186 = DIRECTION ( 'NONE',  ( 0.000000000000000000, 1.000000000000000000, -0.000000000000000000 ) ) ;
#187 = DIRECTION ( 'NONE',  ( -0.000000000000000000, 1.000000000000000000, -0.000000000000000000 ) ) ;
#188 = EDGE_CURVE ( 'NONE', #1447, #1411, #327, .T. ) ;
#189 = VERTEX_POINT ( 'NONE', #316 ) ;
#190 = DIRECTION ( 'NONE',  ( 0.9807364019072132288, 0.1834770960903517600, -0.06702436261796927697 ) ) ;
#191 = ORIENTED_EDGE ( 'NONE', *, *, #1089, .F. ) ;
#192 = CARTESIAN_POINT ( 'NONE',  ( 0.000000000000000000, 1.800000000000000044, 0.000000000000000000 ) ) ;
#193 = DIRECTION ( 'NONE',  ( 0.000000000000000000, 0.000000000000000000, 1.000000000000000000 ) ) ;
#194 = CARTESIAN_POINT ( 'NONE',  ( 5.380942561606199881, -0.3251941866499404310, -50.69901804398966760 ) ) ;
#195 = DIRECTION ( 'NONE',  ( -0.000000000000000000, -1.000000000000000000, -0.000000000000000000 ) ) ;
#196 = CARTESIAN_POINT ( 'NONE',  ( 60.80826799817737083, -0.5467523896654441495, -6.999999999999998224 ) ) ;
#197 = ORIENTED_EDGE ( 'NONE', *, *, #882, .F. ) ;
#198 = ADVANCED_FACE ( 'NONE', ( #1098 ), #1654, .F. ) ;
#199 = ORIENTED_EDGE ( 'NONE', *, *, #334, .F. ) ;
#200 = CARTESIAN_POINT ( 'NONE',  ( 5.811751091677674452, 1.654224600368719255E-11, -54.44292303879934281 ) ) ;
#201 = ADVANCED_FACE ( 'NONE', ( #2040 ), #2082, .F. ) ;
#202 = ADVANCED_FACE ( 'NONE', ( #876 ), #125, .T. ) ;
#203 = ORIENTED_EDGE ( 'NONE', *, *, #299, .T. ) ;
#204 = CARTESIAN_POINT ( 'NONE',  ( 3.955061698856379149, 1.201248114291865994E-13, -55.19903837262241098 ) ) ;
#205 = LINE ( 'NONE', #971, #1280 ) ;
#206 = CARTESIAN_POINT ( 'NONE',  ( 65.50000000000000000, -0.09980154297958836185, -3.195843082741280483 ) ) ;
#207 = DIRECTION ( 'NONE',  ( -0.000000000000000000, -1.000000000000000000, -0.000000000000000000 ) ) ;
#208 = VECTOR ( 'NONE', #588, 1000.000000000000000 ) ;
#209 = CARTESIAN_POINT ( 'NONE',  ( 61.49999999999999289, -1.500000000000026423, -3.499999999999996003 ) ) ;
#210 = VERTEX_POINT ( 'NONE', #516 ) ;
#211 = DIRECTION ( 'NONE',  ( 0.000000000000000000, -1.000000000000000000, 0.000000000000000000 ) ) ;
#212 = VERTEX_POINT ( 'NONE', #1252 ) ;
#213 = CARTESIAN_POINT ( 'NONE',  ( 5.728268887029173584, -0.5018523203210238925, -53.84680428005631825 ) ) ;
#214 = AXIS2_PLACEMENT_3D ( 'NONE', #1136, #1915, #1752 ) ;
#215 = EDGE_LOOP ( 'NONE', ( #1309, #229, #1957 ) ) ;
#216 = AXIS2_PLACEMENT_3D ( 'NONE', #1466, #1084, #1852 ) ;
#217 = LINE ( 'NONE', #2321, #2403 ) ;
#218 = CARTESIAN_POINT ( 'NONE',  ( 5.499999999999990230, -0.06887112585074071924, -7.000000000000006217 ) ) ;
#219 = EDGE_CURVE ( 'NONE', #212, #2100, #1877, .T. ) ;
#220 = CONICAL_SURFACE ( 'NONE', #1649, 2.600000000000010747, 0.7853981633974428389 ) ;
#221 = DIRECTION ( 'NONE',  ( 0.000000000000000000, 0.000000000000000000, 1.000000000000000000 ) ) ;
#222 = AXIS2_PLACEMENT_3D ( 'NONE', #449, #1225, #2391 ) ;
#223 = FACE_BOUND ( 'NONE', #1529, .T. ) ;
#224 = CARTESIAN_POINT ( 'NONE',  ( 0.8999999999999750422, 1.800000000000000044, -48.90621606661920140 ) ) ;
#225 = CARTESIAN_POINT ( 'NONE',  ( 1.457773487750391395, -0.4956376343031799192, -0.5254224327348394619 ) ) ;
#226 = CARTESIAN_POINT ( 'NONE',  ( 0.000000000000000000, 0.000000000000000000, 0.000000000000000000 ) ) ;
#227 = ORIENTED_EDGE ( 'NONE', *, *, #68, .T. ) ;
#228 = CARTESIAN_POINT ( 'NONE',  ( 4.235711266628750415, -0.3903026889475522121, -54.99966846478507421 ) ) ;
#229 = ORIENTED_EDGE ( 'NONE', *, *, #1397, .T. ) ;
#230 = DIRECTION ( 'NONE',  ( -0.000000000000000000, 1.000000000000000000, 0.000000000000000000 ) ) ;
#231 = CARTESIAN_POINT ( 'NONE',  ( 0.8999999999999795941, 0.000000000000000000, -48.95035213014021025 ) ) ;
#232 = CARTESIAN_POINT ( 'NONE',  ( 5.449529779701919097, -1.784642986877191806, -50.77770691044644025 ) ) ;
#233 = ADVANCED_FACE ( 'NONE', ( #713 ), #1676, .T. ) ;
#234 = CARTESIAN_POINT ( 'NONE',  ( 32.49999999999999289, 1.800000000000000044, -24.49999999999998579 ) ) ;
#235 = CARTESIAN_POINT ( 'NONE',  ( 12.49999999999999112, 0.000000000000000000, -45.94999999999998863 ) ) ;
#236 = B_SPLINE_CURVE_WITH_KNOTS ( 'NONE', 3,
 ( #1374, #1156, #206, #1787, #807, #1961 ),
 .UNSPECIFIED., .F., .F.,
 ( 4, 2, 4 ),
 ( 0.000000000000000000, 0.0009022679889721789978, 0.001804535977944357996 ),
 .UNSPECIFIED. ) ;
#237 = EDGE_CURVE ( 'NONE', #795, #2339, #1283, .T. ) ;
#238 = CARTESIAN_POINT ( 'NONE',  ( 6.609751903162080389, 0.000000000000000000, -49.38721296893284318 ) ) ;
#239 = CARTESIAN_POINT ( 'NONE',  ( 3.499999999999996003, 1.800000000000000044, -3.499999999999996003 ) ) ;
#240 = DIRECTION ( 'NONE',  ( 0.000000000000000000, 1.000000000000000000, 0.000000000000000000 ) ) ;
#241 = ORIENTED_EDGE ( 'NONE', *, *, #636, .T. ) ;
#242 = CARTESIAN_POINT ( 'NONE',  ( 61.49999999999999289, -0.6000000000000254019, -6.999999999999998224 ) ) ;
#243 = ORIENTED_EDGE ( 'NONE', *, *, #2478, .T. ) ;
#244 = DIRECTION ( 'NONE',  ( -0.000000000000000000, -1.000000000000000000, -0.000000000000000000 ) ) ;
#245 = CARTESIAN_POINT ( 'NONE',  ( 5.587223192158240259, -0.02405152629323509955, -7.001157059646890168 ) ) ;
#246 = CIRCLE ( 'NONE', #886, 2.299999999999996270 ) ;
#247 = CARTESIAN_POINT ( 'NONE',  ( 5.499999999999990230, 0.000000000000000000, -9.500000000000007105 ) ) ;
#248 = AXIS2_PLACEMENT_3D ( 'NONE', #830, #211, #2369 ) ;
#249 = CARTESIAN_POINT ( 'NONE',  ( 61.49999999999999289, 1.800000000000000044, -3.499999999999996003 ) ) ;
#250 = CARTESIAN_POINT ( 'NONE',  ( 61.49999999999999289, -5.700000000000000178, -3.499999999999996003 ) ) ;
#251 = AXIS2_PLACEMENT_3D ( 'NONE', #2204, #831, #2005 ) ;
#252 = CARTESIAN_POINT ( 'NONE',  ( 65.50000000000000000, 1.800000000000000044, -4.500000000000007994 ) ) ;
#253 = DIRECTION ( 'NONE',  ( 0.000000000000000000, 1.000000000000000000, -0.000000000000000000 ) ) ;
#254 = CARTESIAN_POINT ( 'NONE',  ( 63.00000000000000000, 1.800000000000000044, -4.499999999999999112 ) ) ;
#255 = CARTESIAN_POINT ( 'NONE',  ( 7.399999999999979927, 0.000000000000000000, -49.99999999999997868 ) ) ;
#256 = EDGE_CURVE ( 'NONE', #79, #1994, #113, .T. ) ;
#257 = VERTEX_POINT ( 'NONE', #2253 ) ;
#258 = CARTESIAN_POINT ( 'NONE',  ( 3.854545454545421190, -0.6963209641470744504, -55.07571301209222270 ) ) ;
#259 = CIRCLE ( 'NONE', #1680, 1.449999999999999956 ) ;
#260 = VERTEX_POINT ( 'NONE', #888 ) ;
#261 = FACE_OUTER_BOUND ( 'NONE', #682, .T. ) ;
#262 = AXIS2_PLACEMENT_3D ( 'NONE', #628, #74, #1791 ) ;
#263 = CARTESIAN_POINT ( 'NONE',  ( 1.551292373791103296, -1.664174716209626093, -50.77547279511190226 ) ) ;
#264 = CIRCLE ( 'NONE', #2286, 1.000000000000007772 ) ;
#265 = AXIS2_PLACEMENT_3D ( 'NONE', #226, #1040, #654 ) ;
#266 = ORIENTED_EDGE ( 'NONE', *, *, #388, .T. ) ;
#267 = DIRECTION ( 'NONE',  ( 0.000000000000000000, 1.000000000000000000, -0.000000000000000000 ) ) ;
#268 = CIRCLE ( 'NONE', #2162, 1.250000000000001110 ) ;
#269 = AXIS2_PLACEMENT_3D ( 'NONE', #1223, #2156, #1775 ) ;
#270 = DIRECTION ( 'NONE',  ( 0.000000000000000000, 1.000000000000000000, -0.000000000000000000 ) ) ;
#271 = AXIS2_PLACEMENT_3D ( 'NONE', #2281, #708, #546 ) ;
#272 = VERTEX_POINT ( 'NONE', #1062 ) ;
#273 = EDGE_CURVE ( 'NONE', #727, #1298, #2044, .T. ) ;
#274 = CARTESIAN_POINT ( 'NONE',  ( 5.898059383866259608, -0.5129463339191538962, -51.44998944868200397 ) ) ;
#275 = ORIENTED_EDGE ( 'NONE', *, *, #544, .F. ) ;
#276 = EDGE_CURVE ( 'NONE', #1880, #1542, #9, .T. ) ;
#277 = CARTESIAN_POINT ( 'NONE',  ( 2.999999999999992006, 1.800000000000000044, -2.499999999999986233 ) ) ;
#278 = ORIENTED_EDGE ( 'NONE', *, *, #1324, .T. ) ;
#279 = FACE_OUTER_BOUND ( 'NONE', #780, .T. ) ;
#280 = DIRECTION ( 'NONE',  ( 0.000000000000000000, 0.000000000000000000, -1.000000000000000000 ) ) ;
#281 = DIRECTION ( 'NONE',  ( 1.086151187700412521E-16, 0.000000000000000000, 1.000000000000000000 ) ) ;
#282 = CARTESIAN_POINT ( 'NONE',  ( 5.451021506689449403, -1.780132362217041742, -50.78093023768430214 ) ) ;
#283 = VERTEX_POINT ( 'NONE', #2063 ) ;
#284 = CARTESIAN_POINT ( 'NONE',  ( 3.499999999999989342, -5.700000000000000178, -52.49999999999999289 ) ) ;
#285 = ORIENTED_EDGE ( 'NONE', *, *, #1518, .F. ) ;
#286 = CARTESIAN_POINT ( 'NONE',  ( 0.9658300584745355133, -0.2275606882360077243, -53.09025207327806584 ) ) ;
#287 = ADVANCED_FACE ( 'NONE', ( #1857 ), #137, .F. ) ;
#288 = ORIENTED_EDGE ( 'NONE', *, *, #2404, .T. ) ;
#289 = DIRECTION ( 'NONE',  ( 0.000000000000000000, 0.000000000000000000, 1.000000000000000000 ) ) ;
#290 = CARTESIAN_POINT ( 'NONE',  ( 3.500000000000218492, -0.5888374497166688482, -55.10000000000000142 ) ) ;
#291 = DIRECTION ( 'NONE',  ( 0.000000000000000000, 0.000000000000000000, 1.000000000000000000 ) ) ;
#292 = CARTESIAN_POINT ( 'NONE',  ( 63.00000000000000000, -0.2921134470680575856, 1.387778780781445676E-14 ) ) ;
#293 = ORIENTED_EDGE ( 'NONE', *, *, #1732, .F. ) ;
#294 = DIRECTION ( 'NONE',  ( -0.000000000000000000, -1.000000000000000000, -0.000000000000000000 ) ) ;
#295 = ORIENTED_EDGE ( 'NONE', *, *, #256, .F. ) ;
#296 = CARTESIAN_POINT ( 'NONE',  ( 1.576817030177307455, -0.3797083566843845737, -54.25601718839348564 ) ) ;
#297 = ORIENTED_EDGE ( 'NONE', *, *, #2011, .F. ) ;
#298 = AXIS2_PLACEMENT_3D ( 'NONE', #413, #44, #22 ) ;
#299 = EDGE_CURVE ( 'NONE', #2034, #2339, #866, .T. ) ;
#300 = AXIS2_PLACEMENT_3D ( 'NONE', #901, #689, #1867 ) ;
#301 = DIRECTION ( 'NONE',  ( -0.000000000000000000, -1.000000000000000000, -0.000000000000000000 ) ) ;
#302 = AXIS2_PLACEMENT_3D ( 'NONE', #2373, #106, #1462 ) ;
#303 = ADVANCED_FACE ( 'NONE', ( #1892 ), #2167, .F. ) ;
#304 = DIRECTION ( 'NONE',  ( 0.000000000000000000, 0.000000000000000000, -1.000000000000000000 ) ) ;
#305 = CYLINDRICAL_SURFACE ( 'NONE', #523, 2.300000000000003375 ) ;
#306 = CIRCLE ( 'NONE', #2245, 2.500000000000002220 ) ;
#307 = ORIENTED_EDGE ( 'NONE', *, *, #838, .T. ) ;
#308 = CARTESIAN_POINT ( 'NONE',  ( 0.000000000000000000, 0.000000000000000000, 0.000000000000000000 ) ) ;
#309 = VECTOR ( 'NONE', #73, 1000.000000000000000 ) ;
#310 = CARTESIAN_POINT ( 'NONE',  ( 0.8999999999999583888, 1.727827377389839907E-14, -50.30178372760997263 ) ) ;
#311 = ORIENTED_EDGE ( 'NONE', *, *, #2342, .F. ) ;
#312 = CARTESIAN_POINT ( 'NONE',  ( 0.9640632183755584173, -2.736152430555393440E-10, -53.45732172485596578 ) ) ;
#313 = ORIENTED_EDGE ( 'NONE', *, *, #684, .T. ) ;
#314 =( NAMED_UNIT ( * ) SI_UNIT ( $, .STERADIAN. ) SOLID_ANGLE_UNIT ( ) );
#315 = EDGE_CURVE ( 'NONE', #257, #1733, #2120, .T. ) ;
#316 = CARTESIAN_POINT ( 'NONE',  ( 63.00000000000000000, 1.800000000000000044, -6.999999999999998224 ) ) ;
#317 = CYLINDRICAL_SURFACE ( 'NONE', #2122, 2.500000000000000444 ) ;
#318 = CARTESIAN_POINT ( 'NONE',  ( 3.333411679379135961, -0.6000000000000176303, 1.387778780781445676E-14 ) ) ;
#319 = EDGE_CURVE ( 'NONE', #2472, #95, #1600, .T. ) ;
#320 = EDGE_LOOP ( 'NONE', ( #352, #2116, #1461, #2210, #1369, #1755, #856 ) ) ;
#321 = CARTESIAN_POINT ( 'NONE',  ( 61.49999999999999289, -5.700000000000000178, -3.499999999999996003 ) ) ;
#322 = CARTESIAN_POINT ( 'NONE',  ( 3.499999999999989342, 1.800000000000000044, -53.74999999999999289 ) ) ;
#323 = ORIENTED_EDGE ( 'NONE', *, *, #743, .F. ) ;
#324 = CARTESIAN_POINT ( 'NONE',  ( 1.780687030757331035, 2.373362040519007600E-10, -54.71552403283961752 ) ) ;
#325 = ORIENTED_EDGE ( 'NONE', *, *, #2080, .F. ) ;
#326 = DIRECTION ( 'NONE',  ( 0.000000000000000000, 1.000000000000000000, 0.000000000000000000 ) ) ;
#327 = LINE ( 'NONE', #2276, #2483 ) ;
#328 = DIRECTION ( 'NONE',  ( 0.000000000000000000, 0.000000000000000000, -1.000000000000000000 ) ) ;
#329 = B_SPLINE_CURVE_WITH_KNOTS ( 'NONE', 3,
 ( #2178, #45, #1808, #1437, #442, #1993 ),
 .UNSPECIFIED., .F., .F.,
 ( 4, 2, 4 ),
 ( 0.000000000000000000, 0.001114895757050737499, 0.002229791514101474997 ),
 .UNSPECIFIED. ) ;
#330 = LINE ( 'NONE', #1844, #1057 ) ;
#331 = VERTEX_POINT ( 'NONE', #1799 ) ;
#332 = CARTESIAN_POINT ( 'NONE',  ( 5.635224913283364501, -0.9310775997472394705, -50.80897803477941466 ) ) ;
#333 = CARTESIAN_POINT ( 'NONE',  ( 0.9000000000023773428, -0.1027728074467318259, -52.24436862502963663 ) ) ;
#334 = EDGE_CURVE ( 'NONE', #981, #1713, #970, .T. ) ;
#335 = ORIENTED_EDGE ( 'NONE', *, *, #1121, .F. ) ;
#336 = CARTESIAN_POINT ( 'NONE',  ( 1.788308271595866472, -0.3869888720257235737, -54.46265706741003498 ) ) ;
#337 = ORIENTED_EDGE ( 'NONE', *, *, #2036, .F. ) ;
#338 = CARTESIAN_POINT ( 'NONE',  ( 1.333241602108749202, -0.5072172177641021129, -6.370526719723192954 ) ) ;
#339 = CARTESIAN_POINT ( 'NONE',  ( 3.499999999999989786, -5.700000000000000178, -55.10000000000000142 ) ) ;
#340 = CARTESIAN_POINT ( 'NONE',  ( 52.49999999999999289, 1.800000000000000044, -44.49999999999999289 ) ) ;
#341 =( NAMED_UNIT ( * ) PLANE_ANGLE_UNIT ( ) SI_UNIT ( $, .RADIAN. ) );
#342 = CIRCLE ( 'NONE', #262, 1.799999999999999600 ) ;
#343 = CIRCLE ( 'NONE', #1766, 2.500000000000000000 ) ;
#344 = ORIENTED_EDGE ( 'NONE', *, *, #2404, .F. ) ;
#345 = LINE ( 'NONE', #119, #1606 ) ;
#346 = CARTESIAN_POINT ( 'NONE',  ( 0.9209183796744868644, -0.4120019381594332564, -52.11939321684513260 ) ) ;
#347 = AXIS2_PLACEMENT_3D ( 'NONE', #1134, #1560, #1376 ) ;
#348 = EDGE_CURVE ( 'NONE', #1999, #1052, #217, .T. ) ;
#349 = EDGE_LOOP ( 'NONE', ( #313, #648 ) ) ;
#350 = CARTESIAN_POINT ( 'NONE',  ( 1.902233733530198423, -0.3881919875231232830, -54.55653138718658823 ) ) ;
#351 = EDGE_CURVE ( 'NONE', #872, #128, #1312, .T. ) ;
#352 = ORIENTED_EDGE ( 'NONE', *, *, #1717, .F. ) ;
#353 = CARTESIAN_POINT ( 'NONE',  ( 1.309200184929254496, 0.000000000000000000, -48.09939788480101441 ) ) ;
#354 = LINE ( 'NONE', #2466, #1887 ) ;
#355 = DIRECTION ( 'NONE',  ( 0.000000000000000000, 0.000000000000000000, 1.000000000000000000 ) ) ;
#356 = VERTEX_POINT ( 'NONE', #2171 ) ;
#357 = DIRECTION ( 'NONE',  ( -3.965082230804119570E-15, 0.000000000000000000, -1.000000000000000000 ) ) ;
#358 = LINE ( 'NONE', #1720, #858 ) ;
#359 = CARTESIAN_POINT ( 'NONE',  ( 1.004289421630522705, -0.8048429479546114207, -51.74637394106953536 ) ) ;
#360 = ORIENTED_EDGE ( 'NONE', *, *, #315, .F. ) ;
#361 = CARTESIAN_POINT ( 'NONE',  ( 2.545550011183669081, -0.3700312167501345617, -54.92314325149368415 ) ) ;
#362 = B_SPLINE_CURVE_WITH_KNOTS ( 'NONE', 3,
 ( #1807, #1378, #441, #63, #33, #2150, #814, #1604, #1215, #801, #1980, #1010 ),
 .UNSPECIFIED., .F., .F.,
 ( 4, 2, 2, 2, 2, 4 ),
 ( 0.000000000000000000, 0.0002444531073561716401, 0.0004889062147123432803, 0.0009778124294246663944, 0.001466718644136989508, 0.001955624858849312406 ),
 .UNSPECIFIED. ) ;
#363 = ORIENTED_EDGE ( 'NONE', *, *, #1914, .T. ) ;
#364 = CARTESIAN_POINT ( 'NONE',  ( 3.873567706272133204, -0.6000000000000176303, 1.387778780781445991E-14 ) ) ;
#365 = B_SPLINE_CURVE_WITH_KNOTS ( 'NONE', 3,
 ( #749, #364, #1167, #786, #1554, #1760 ),
 .UNSPECIFIED., .F., .F.,
 ( 4, 2, 4 ),
 ( 0.0004997540295425719880, 0.001620432633064665786, 0.002741111236586759800 ),
 .UNSPECIFIED. ) ;
#366 = ADVANCED_FACE ( 'NONE', ( #769, #1958, #822, #2508, #1015, #1595, #1154, #1759, #1934 ), #2346, .T. ) ;
#367 = PLANE ( 'NONE',  #347 ) ;
#368 = PLANE ( 'NONE',  #1257 ) ;
#369 = LINE ( 'NONE', #2315, #140 ) ;
#370 = VERTEX_POINT ( 'NONE', #986 ) ;
#371 = FACE_OUTER_BOUND ( 'NONE', #1204, .T. ) ;
#372 = VERTEX_POINT ( 'NONE', #1205 ) ;
#373 = FACE_OUTER_BOUND ( 'NONE', #1578, .T. ) ;
#374 = EDGE_CURVE ( 'NONE', #1259, #2494, #2320, .T. ) ;
#375 = CARTESIAN_POINT ( 'NONE',  ( 6.050061325637152265, -1.080307766833289884, -53.02817441182425284 ) ) ;
#376 = CARTESIAN_POINT ( 'NONE',  ( 52.49999999999999289, 1.800000000000000044, -45.94999999999998863 ) ) ;
#377 = ORIENTED_EDGE ( 'NONE', *, *, #1671, .F. ) ;
#378 = AXIS2_PLACEMENT_3D ( 'NONE', #1172, #929, #1148 ) ;
#379 = ORIENTED_EDGE ( 'NONE', *, *, #2263, .F. ) ;
#380 = CARTESIAN_POINT ( 'NONE',  ( 4.236843505644944941, 6.944489547679262213E-10, -55.19903837291368376 ) ) ;
#381 = AXIS2_PLACEMENT_3D ( 'NONE', #1737, #2134, #1725 ) ;
#382 = ORIENTED_EDGE ( 'NONE', *, *, #2420, .T. ) ;
#383 = CARTESIAN_POINT ( 'NONE',  ( 61.49999999999999289, 1.800000000000000044, -2.250000000000005329 ) ) ;
#384 = CARTESIAN_POINT ( 'NONE',  ( 1.963636363636344528, -1.800000000000000044, -50.40248080417375576 ) ) ;
#385 = VECTOR ( 'NONE', #893, 1000.000000000000000 ) ;
#386 = CARTESIAN_POINT ( 'NONE',  ( 6.484325915353350567, 0.000000000000000000, -49.59356683844808344 ) ) ;
#387 = CARTESIAN_POINT ( 'NONE',  ( 0.8999999999999789280, 1.200152783207471048E-15, -52.76618627619793500 ) ) ;
#388 = EDGE_CURVE ( 'NONE', #1044, #2418, #1971, .T. ) ;
#389 = DIRECTION ( 'NONE',  ( -0.000000000000000000, -1.000000000000000000, -0.000000000000000000 ) ) ;
#390 = ADVANCED_FACE ( 'NONE', ( #1166 ), #621, .T. ) ;
#391 = VERTEX_POINT ( 'NONE', #1581 ) ;
#392 = CARTESIAN_POINT ( 'NONE',  ( 5.272670508063450612, -1.129272349142039555, -54.40761014864821732 ) ) ;
#393 = ORIENTED_EDGE ( 'NONE', *, *, #2009, .T. ) ;
#394 = DIRECTION ( 'NONE',  ( 0.000000000000000000, 0.000000000000000000, 1.000000000000000000 ) ) ;
#395 = DIRECTION ( 'NONE',  ( -0.000000000000000000, -1.000000000000000000, -0.000000000000000000 ) ) ;
#396 = CARTESIAN_POINT ( 'NONE',  ( 5.606269284934346508, -1.675769040305599811, -50.97565295526354134 ) ) ;
#397 = DIRECTION ( 'NONE',  ( 1.000000000000000000, -0.000000000000000000, 0.000000000000000000 ) ) ;
#398 = CARTESIAN_POINT ( 'NONE',  ( 62.51478824837587922, -0.4640229002528540314, -7.000000000000000000 ) ) ;
#399 = DIRECTION ( 'NONE',  ( 0.000000000000000000, 1.000000000000000000, -0.000000000000000000 ) ) ;
#400 = CARTESIAN_POINT ( 'NONE',  ( 0.9958587740230403496, -0.5628495267927139389, -0.9966957018661904977 ) ) ;
#401 = ORIENTED_EDGE ( 'NONE', *, *, #436, .T. ) ;
#402 = EDGE_CURVE ( 'NONE', #898, #718, #1945, .T. ) ;
#403 = CARTESIAN_POINT ( 'NONE',  ( 4.104764174009054578, -0.3662137315202512733, -55.03478926070441446 ) ) ;
#404 = ORIENTED_EDGE ( 'NONE', *, *, #1464, .T. ) ;
#405 = CARTESIAN_POINT ( 'NONE',  ( 3.971726895382045264, -0.3324277157400912786, -55.05958305234489814 ) ) ;
#406 = CARTESIAN_POINT ( 'NONE',  ( 1.656168539378556792, -0.4543051730441980407, -50.62243370223844607 ) ) ;
#407 = CIRCLE ( 'NONE', #251, 2.500000000000002220 ) ;
#408 = CARTESIAN_POINT ( 'NONE',  ( 6.399999986703057253, -2.168404344971008868E-16, -49.93908327581662121 ) ) ;
#409 = CARTESIAN_POINT ( 'NONE',  ( 32.49999999999999289, 0.000000000000000000, -24.49999999999998579 ) ) ;
#410 = CARTESIAN_POINT ( 'NONE',  ( 0.8999999999999783729, -8.216400282176631227E-15, -52.63314363662462370 ) ) ;
#411 = B_SPLINE_CURVE_WITH_KNOTS ( 'NONE', 3,
 ( #1018, #1764, #1598, #808, #2362, #626, #799, #1559, #1573, #1788, #599, #1987 ),
 .UNSPECIFIED., .F., .F.,
 ( 4, 2, 2, 2, 2, 4 ),
 ( 0.000000000000000000, 0.0003874237856668694743, 0.0007748475713337389485, 0.001549695142667463369, 0.002324542714001187789, 0.003099390285334912426 ),
 .UNSPECIFIED. ) ;
#412 = ORIENTED_EDGE ( 'NONE', *, *, #2173, .F. ) ;
#413 = CARTESIAN_POINT ( 'NONE',  ( 3.499999999999996003, -5.700000000000000178, -3.499999999999996003 ) ) ;
#414 = VERTEX_POINT ( 'NONE', #1984 ) ;
#415 = CARTESIAN_POINT ( 'NONE',  ( 4.132447531887342151, -0.8330549286957199540, -55.02597190074863676 ) ) ;
#416 = EDGE_CURVE ( 'NONE', #2436, #105, #2486, .T. ) ;
#417 = ORIENTED_EDGE ( 'NONE', *, *, #1453, .F. ) ;
#418 = AXIS2_PLACEMENT_3D ( 'NONE', #1127, #728, #1861 ) ;
#419 = DIRECTION ( 'NONE',  ( 0.000000000000000000, 0.000000000000000000, 1.000000000000000000 ) ) ;
#420 = B_SPLINE_CURVE_WITH_KNOTS ( 'NONE', 3,
 ( #963, #1715, #398, #1340, #2338, #2148 ),
 .UNSPECIFIED., .F., .F.,
 ( 4, 2, 4 ),
 ( 0.000000000000000000, 0.0007657347828155030775, 0.001531469565631006155 ),
 .UNSPECIFIED. ) ;
#421 = AXIS2_PLACEMENT_3D ( 'NONE', #1253, #43, #867 ) ;
#422 = ADVANCED_FACE ( 'NONE', ( #847, #1032 ), #646, .T. ) ;
#423 = CARTESIAN_POINT ( 'NONE',  ( 5.542683536923791898, -1.727314412830868173, -50.89143807158558275 ) ) ;
#424 = AXIS2_PLACEMENT_3D ( 'NONE', #2289, #2301, #2101 ) ;
#425 = FACE_OUTER_BOUND ( 'NONE', #934, .T. ) ;
#426 = CARTESIAN_POINT ( 'NONE',  ( 52.49999999999999289, 1.800000000000000044, -5.949999999999990408 ) ) ;
#427 = FACE_OUTER_BOUND ( 'NONE', #1954, .T. ) ;
#428 = LINE ( 'NONE', #1843, #744 ) ;
#429 = CYLINDRICAL_SURFACE ( 'NONE', #1269, 2.500000000000000444 ) ;
#430 = ORIENTED_EDGE ( 'NONE', *, *, #2153, .T. ) ;
#431 = CARTESIAN_POINT ( 'NONE',  ( 32.49999999999999289, 1.800000000000000044, -1.999999999999984457 ) ) ;
#432 = ORIENTED_EDGE ( 'NONE', *, *, #416, .F. ) ;
#433 = DIRECTION ( 'NONE',  ( -0.000000000000000000, -1.000000000000000000, -0.000000000000000000 ) ) ;
#434 = CARTESIAN_POINT ( 'NONE',  ( 0.8999999999999795941, -4.646038033476371334E-17, -49.86249675339624332 ) ) ;
#435 = CARTESIAN_POINT ( 'NONE',  ( 3.499999999999996003, 1.800000000000000044, -3.499999999999996003 ) ) ;
#436 = EDGE_CURVE ( 'NONE', #356, #1626, #900, .T. ) ;
#437 = DIRECTION ( 'NONE',  ( 0.000000000000000000, 1.000000000000000000, -0.000000000000000000 ) ) ;
#438 = DIRECTION ( 'NONE',  ( 0.000000000000000000, -1.000000000000000000, 0.000000000000000000 ) ) ;
#439 = CARTESIAN_POINT ( 'NONE',  ( 12.49999999999999289, 1.800000000000000044, -3.049999999999990052 ) ) ;
#440 = CARTESIAN_POINT ( 'NONE',  ( 5.499999999999990230, 1.800000000000000044, -7.000000000000006217 ) ) ;
#441 = CARTESIAN_POINT ( 'NONE',  ( 6.100216971823488876, -0.9944339087429364676, -52.57451546096960726 ) ) ;
#442 = CARTESIAN_POINT ( 'NONE',  ( 61.12819456065771817, -0.6000000000000175193, 1.387778780781445676E-14 ) ) ;
#443 = ORIENTED_EDGE ( 'NONE', *, *, #2297, .F. ) ;
#444 = CARTESIAN_POINT ( 'NONE',  ( 6.399999999999979927, -4.336808689942017736E-16, -52.89903837262234987 ) ) ;
#445 = ORIENTED_EDGE ( 'NONE', *, *, #1513, .F. ) ;
#446 = DIRECTION ( 'NONE',  ( -0.000000000000000000, 1.000000000000000000, -0.000000000000000000 ) ) ;
#447 = CARTESIAN_POINT ( 'NONE',  ( 1.963636363636344973, 8.673617379884035472E-16, -50.40248080417375576 ) ) ;
#448 = ORIENTED_EDGE ( 'NONE', *, *, #1657, .F. ) ;
#449 = CARTESIAN_POINT ( 'NONE',  ( 6.399999999999979927, 1.800000000000000044, -49.99999999999998579 ) ) ;
#450 = ADVANCED_FACE ( 'NONE', ( #1815 ), #2025, .F. ) ;
#451 = DIRECTION ( 'NONE',  ( 0.000000000000000000, 0.000000000000000000, 1.000000000000000000 ) ) ;
#452 = CARTESIAN_POINT ( 'NONE',  ( 2.999999999999992006, 1.800000000000000044, -4.500000000000005329 ) ) ;
#453 = CARTESIAN_POINT ( 'NONE',  ( 59.41277680784168069, -0.02405152629335997883, -7.001157059646800462 ) ) ;
#454 = DIRECTION ( 'NONE',  ( 0.000000000000000000, -1.000000000000000000, 0.000000000000000000 ) ) ;
#455 = EDGE_CURVE ( 'NONE', #1502, #1044, #1045, .T. ) ;
#456 = EDGE_LOOP ( 'NONE', ( #285, #1473, #337, #108, #998, #849, #2389, #1268, #535, #1013, #985, #109, #1409, #784, #1866, #793, #1700, #401, #1743, #2422, #1334, #1846, #173, #1331 ) ) ;
#457 = VECTOR ( 'NONE', #2147, 1000.000000000000000 ) ;
#458 = CARTESIAN_POINT ( 'NONE',  ( 6.089285717798196274, -1.021795880857108374, -52.73579540200411486 ) ) ;
#459 = CARTESIAN_POINT ( 'NONE',  ( 0.9247134058697220604, 1.368077841580954931E-10, -53.24305045535090386 ) ) ;
#460 = VECTOR ( 'NONE', #301, 1000.000000000000000 ) ;
#461 = CARTESIAN_POINT ( 'NONE',  ( 1.245366562887445516, -1.332907298375896055, -51.20105402112309179 ) ) ;
#462 = CONICAL_SURFACE ( 'NONE', #55, 2.600000000000010747, 0.7853981633974428389 ) ;
#463 = EDGE_LOOP ( 'NONE', ( #1026, #791, #679, #1707 ) ) ;
#464 = CARTESIAN_POINT ( 'NONE',  ( 3.499999999999996003, -5.700000000000000178, -3.499999999999996003 ) ) ;
#465 = AXIS2_PLACEMENT_3D ( 'NONE', #1903, #1705, #304 ) ;
#466 = AXIS2_PLACEMENT_3D ( 'NONE', #501, #326, #96 ) ;
#467 = LINE ( 'NONE', #1242, #1727 ) ;
#468 = CARTESIAN_POINT ( 'NONE',  ( 4.099999999999962341, 1.800000000000000044, -55.19903837262236124 ) ) ;
#469 = FACE_OUTER_BOUND ( 'NONE', #2412, .T. ) ;
#470 = EDGE_CURVE ( 'NONE', #563, #958, #475, .T. ) ;
#471 = EDGE_LOOP ( 'NONE', ( #1311, #1248, #633, #1465 ) ) ;
#472 = CARTESIAN_POINT ( 'NONE',  ( 6.076463137263297121, -1.053351159002434478, -52.11809321935257344 ) ) ;
#473 = EDGE_CURVE ( 'NONE', #1380, #152, #1275, .T. ) ;
#474 = ORIENTED_EDGE ( 'NONE', *, *, #990, .T. ) ;
#475 = LINE ( 'NONE', #2013, #1235 ) ;
#476 = B_SPLINE_CURVE_WITH_KNOTS ( 'NONE', 3,
 ( #1266, #2042, #318, #127 ),
 .UNSPECIFIED., .F., .F.,
 ( 4, 4 ),
 ( 0.000000000000000000, 0.0004997540295425719880 ),
 .UNSPECIFIED. ) ;
#477 = VERTEX_POINT ( 'NONE', #1997 ) ;
#478 = DIRECTION ( 'NONE',  ( 0.000000000000000000, 0.000000000000000000, -1.000000000000000000 ) ) ;
#479 = DIRECTION ( 'NONE',  ( -1.834803676513922176E-15, 0.000000000000000000, 1.000000000000000000 ) ) ;
#480 = DIRECTION ( 'NONE',  ( 0.000000000000000000, 0.000000000000000000, 1.000000000000000000 ) ) ;
#481 = DIRECTION ( 'NONE',  ( 0.000000000000000000, 1.000000000000000000, 0.000000000000000000 ) ) ;
#482 = ORIENTED_EDGE ( 'NONE', *, *, #1761, .T. ) ;
#483 = LINE ( 'NONE', #1256, #542 ) ;
#484 = EDGE_CURVE ( 'NONE', #927, #117, #70, .T. ) ;
#485 = EDGE_LOOP ( 'NONE', ( #1952, #148, #1137 ) ) ;
#486 = CARTESIAN_POINT ( 'NONE',  ( 1.461129698138130539, -0.7892486338921035349, -54.12077141878007325 ) ) ;
#487 = ORIENTED_EDGE ( 'NONE', *, *, #1925, .F. ) ;
#488 =( NAMED_UNIT ( * ) PLANE_ANGLE_UNIT ( ) SI_UNIT ( $, .RADIAN. ) );
#489 = CARTESIAN_POINT ( 'NONE',  ( 7.399999999999995026, 1.800000000000000044, -48.99999999999997868 ) ) ;
#490 = DIRECTION ( 'NONE',  ( 0.000000000000000000, 1.000000000000000000, -0.000000000000000000 ) ) ;
#491 = DIRECTION ( 'NONE',  ( 1.062075597536820647E-16, 0.000000000000000000, 1.000000000000000000 ) ) ;
#492 = ORIENTED_EDGE ( 'NONE', *, *, #1368, .T. ) ;
#493 = CARTESIAN_POINT ( 'NONE',  ( 6.399999999999979927, 0.000000000000000000, -49.99999999999603517 ) ) ;
#494 = AXIS2_PLACEMENT_3D ( 'NONE', #2337, #1778, #2175 ) ;
#495 = EDGE_LOOP ( 'NONE', ( #2250, #1439, #2319, #241 ) ) ;
#496 = DIRECTION ( 'NONE',  ( 0.8068181818181824339, 0.000000000000000000, 0.5907998150707244323 ) ) ;
#497 = ADVANCED_FACE ( 'NONE', ( #261 ), #2424, .F. ) ;
#498 = CIRCLE ( 'NONE', #574, 22.50000000000000355 ) ;
#499 = EDGE_LOOP ( 'NONE', ( #227, #2149 ) ) ;
#500 = CIRCLE ( 'NONE', #53, 4.100000000000020961 ) ;
#501 = CARTESIAN_POINT ( 'NONE',  ( 4.099999999999978328, 0.000000000000000000, -52.89903837262235697 ) ) ;
#502 = EDGE_CURVE ( 'NONE', #2269, #1240, #97, .T. ) ;
#503 = AXIS2_PLACEMENT_3D ( 'NONE', #277, #2049, #1660 ) ;
#504 = CARTESIAN_POINT ( 'NONE',  ( 3.499999999999989342, -5.700000000000000178, -52.49999999999999289 ) ) ;
#505 = CARTESIAN_POINT ( 'NONE',  ( 3.854545454545421190, -0.6963209641470744504, -55.07571301209222270 ) ) ;
#506 = CARTESIAN_POINT ( 'NONE',  ( 3.499999999999996003, 1.800000000000000044, -4.749999999999996447 ) ) ;
#507 = AXIS2_PLACEMENT_3D ( 'NONE', #250, #827, #993 ) ;
#508 = ORIENTED_EDGE ( 'NONE', *, *, #2070, .T. ) ;
#509 = DIRECTION ( 'NONE',  ( 0.000000000000000000, 1.000000000000000000, 0.000000000000000000 ) ) ;
#510 = VECTOR ( 'NONE', #1346, 1000.000000000000000 ) ;
#511 = VERTEX_POINT ( 'NONE', #1326 ) ;
#512 = CARTESIAN_POINT ( 'NONE',  ( 3.171861626544520973, -0.6653863933091153093, -55.08363928462976844 ) ) ;
#513 = ORIENTED_EDGE ( 'NONE', *, *, #1089, .T. ) ;
#514 = DIRECTION ( 'NONE',  ( 0.000000000000000000, -1.000000000000000000, 0.000000000000000000 ) ) ;
#515 = ADVANCED_FACE ( 'NONE', ( #1120 ), #1479, .T. ) ;
#516 = CARTESIAN_POINT ( 'NONE',  ( 56.99999999999998579, 1.800000000000000044, -46.49999999999998579 ) ) ;
#517 = DIRECTION ( 'NONE',  ( 0.08991615517049784956, 0.1304016662407992966, 0.9873755569594471204 ) ) ;
#518 = CARTESIAN_POINT ( 'NONE',  ( 12.49999999999999112, 0.000000000000000000, -44.49999999999999289 ) ) ;
#519 = ORIENTED_EDGE ( 'NONE', *, *, #939, .F. ) ;
#520 = CARTESIAN_POINT ( 'NONE',  ( 0.4999999999999917843, -0.9892051954385333579, -4.337196915832672417 ) ) ;
#521 = CARTESIAN_POINT ( 'NONE',  ( 0.8999999999999785949, 0.000000000000000000, -52.49999999999999289 ) ) ;
#522 = ORIENTED_EDGE ( 'NONE', *, *, #1593, .F. ) ;
#523 = AXIS2_PLACEMENT_3D ( 'NONE', #2238, #1869, #1656 ) ;
#524 = LINE ( 'NONE', #146, #141 ) ;
#525 = ORIENTED_EDGE ( 'NONE', *, *, #273, .F. ) ;
#526 = DIRECTION ( 'NONE',  ( 0.000000000000000000, 0.000000000000000000, 1.000000000000000000 ) ) ;
#527 = DIRECTION ( 'NONE',  ( 0.000000000000000000, 0.000000000000000000, 1.000000000000000000 ) ) ;
#528 = CARTESIAN_POINT ( 'NONE',  ( 6.976999537676800145, 0.000000000000000000, -43.94910121955330595 ) ) ;
#529 = APPLICATION_PROTOCOL_DEFINITION ( 'draft international standard', 'automotive_design', 1998, #2015 ) ;
#530 = EDGE_CURVE ( 'NONE', #768, #2031, #176, .T. ) ;
#531 = ORIENTED_EDGE ( 'NONE', *, *, #1639, .T. ) ;
#532 = AXIS2_PLACEMENT_3D ( 'NONE', #1966, #641, #2004 ) ;
#533 = LINE ( 'NONE', #545, #1848 ) ;
#534 = EDGE_CURVE ( 'NONE', #1733, #927, #343, .T. ) ;
#535 = ORIENTED_EDGE ( 'NONE', *, *, #49, .T. ) ;
#536 = DIRECTION ( 'NONE',  ( -6.938893903907222067E-15, 0.000000000000000000, 1.000000000000000000 ) ) ;
#537 = ORIENTED_EDGE ( 'NONE', *, *, #13, .F. ) ;
#538 = CARTESIAN_POINT ( 'NONE',  ( 4.100000000000012079, -4.336808689942017736E-16, -55.19903837262236124 ) ) ;
#539 = DIRECTION ( 'NONE',  ( 0.000000000000000000, -1.000000000000000000, 0.000000000000000000 ) ) ;
#540 = DIRECTION ( 'NONE',  ( 3.965082230804119570E-15, 0.000000000000000000, 1.000000000000000000 ) ) ;
#541 = AXIS2_PLACEMENT_3D ( 'NONE', #1292, #1842, #527 ) ;
#542 = VECTOR ( 'NONE', #294, 1000.000000000000000 ) ;
#543 = ORIENTED_EDGE ( 'NONE', *, *, #2109, .T. ) ;
#544 = EDGE_CURVE ( 'NONE', #1447, #958, #524, .T. ) ;
#545 = CARTESIAN_POINT ( 'NONE',  ( 0.000000000000000000, 1.800000000000000044, 1.387778780781445676E-14 ) ) ;
#546 = DIRECTION ( 'NONE',  ( 0.000000000000000000, 0.000000000000000000, -1.000000000000000000 ) ) ;
#547 = CIRCLE ( 'NONE', #1443, 1.249999999999990674 ) ;
#548 = EDGE_LOOP ( 'NONE', ( #1129, #2141, #1534, #1920 ) ) ;
#549 = PRODUCT_RELATED_PRODUCT_CATEGORY ( 'part', '', ( #118 ) ) ;
#550 = CIRCLE ( 'NONE', #1398, 2.299999999999996270 ) ;
#551 = EDGE_CURVE ( 'NONE', #2418, #1447, #1561, .T. ) ;
#552 = DIRECTION ( 'NONE',  ( -0.000000000000000000, -1.000000000000000000, -0.000000000000000000 ) ) ;
#553 = EDGE_LOOP ( 'NONE', ( #803, #2143, #916, #1907, #706, #1085, #278, #1150, #2304, #607, #1188, #670, #2343, #1250, #645, #1478 ) ) ;
#554 = CARTESIAN_POINT ( 'NONE',  ( 3.499999999999989342, 1.800000000000000044, -52.49999999999999289 ) ) ;
#555 = FACE_BOUND ( 'NONE', #1356, .T. ) ;
#556 = LINE ( 'NONE', #951, #1379 ) ;
#557 = VERTEX_POINT ( 'NONE', #2461 ) ;
#558 = DIRECTION ( 'NONE',  ( 0.000000000000000000, 1.000000000000000000, 0.000000000000000000 ) ) ;
#559 = DIRECTION ( 'NONE',  ( 0.000000000000000000, 1.000000000000000000, 0.000000000000000000 ) ) ;
#560 = ORIENTED_EDGE ( 'NONE', *, *, #1433, .F. ) ;
#561 = CARTESIAN_POINT ( 'NONE',  ( 3.263356043468894185, -0.2987845313214524401, -55.08989209115916452 ) ) ;
#562 = ADVANCED_FACE ( 'NONE', ( #2285 ), #462, .T. ) ;
#563 = VERTEX_POINT ( 'NONE', #1310 ) ;
#564 = DIRECTION ( 'NONE',  ( -0.8068181818181824339, 0.000000000000000000, -0.5907998150707244323 ) ) ;
#565 = CARTESIAN_POINT ( 'NONE',  ( 0.8999999999999783729, -0.08515864321341937160, -52.57867558431571098 ) ) ;
#566 = ORIENTED_EDGE ( 'NONE', *, *, #2495, .T. ) ;
#567 = AXIS2_PLACEMENT_3D ( 'NONE', #854, #878, #2407 ) ;
#568 = ORIENTED_EDGE ( 'NONE', *, *, #788, .F. ) ;
#569 = CARTESIAN_POINT ( 'NONE',  ( 5.911424768447117728, 2.746534274724729744E-10, -54.32481937113513482 ) ) ;
#570 = EDGE_LOOP ( 'NONE', ( #1442, #448, #1884, #344, #1983, #1080, #560, #1829 ) ) ;
#571 = ADVANCED_FACE ( 'NONE', ( #371 ), #2072, .F. ) ;
#572 = CARTESIAN_POINT ( 'NONE',  ( 56.99999999999998579, 1.800000000000000044, -46.49999999999998579 ) ) ;
#573 = CARTESIAN_POINT ( 'NONE',  ( 32.49999999999999289, 1.800000000000000044, -24.49999999999998579 ) ) ;
#574 = AXIS2_PLACEMENT_3D ( 'NONE', #409, #437, #1181 ) ;
#575 = EDGE_CURVE ( 'NONE', #2305, #2193, #1712, .T. ) ;
#576 = CARTESIAN_POINT ( 'NONE',  ( 3.499999999999989342, -1.800000000000000044, -52.49999999999999289 ) ) ;
#577 = CARTESIAN_POINT ( 'NONE',  ( 5.337580670050317444, -1.800000000000000044, -50.66062584527848855 ) ) ;
#578 = ORIENTED_EDGE ( 'NONE', *, *, #2342, .T. ) ;
#579 = AXIS2_PLACEMENT_3D ( 'NONE', #321, #892, #163 ) ;
#580 = ORIENTED_EDGE ( 'NONE', *, *, #484, .F. ) ;
#581 = CARTESIAN_POINT ( 'NONE',  ( 5.805167421258342841, -1.152573178934040987, -53.71140928925301949 ) ) ;
#582 = CIRCLE ( 'NONE', #1396, 4.100000000000020961 ) ;
#583 = AXIS2_PLACEMENT_3D ( 'NONE', #840, #800, #1627 ) ;
#584 = EDGE_LOOP ( 'NONE', ( #2045, #1666 ) ) ;
#585 = DIRECTION ( 'NONE',  ( 0.000000000000000000, 1.000000000000000000, -0.000000000000000000 ) ) ;
#586 = DIRECTION ( 'NONE',  ( 0.000000000000000000, 1.000000000000000000, -0.000000000000000000 ) ) ;
#587 = CARTESIAN_POINT ( 'NONE',  ( 5.438824585558352354, -0.3923087325773889078, -50.74724805247997494 ) ) ;
#588 = DIRECTION ( 'NONE',  ( -1.000000000000000000, 0.000000000000000000, 0.000000000000000000 ) ) ;
#589 = CARTESIAN_POINT ( 'NONE',  ( 0.8999999999999783729, 0.000000000000000000, -52.49999999999999289 ) ) ;
#590 = EDGE_CURVE ( 'NONE', #283, #2231, #1672, .T. ) ;
#591 = ORIENTED_EDGE ( 'NONE', *, *, #1824, .T. ) ;
#592 = ORIENTED_EDGE ( 'NONE', *, *, #2036, .T. ) ;
#593 = CARTESIAN_POINT ( 'NONE',  ( 6.280754160876526271, 2.458421862045649283E-10, -53.64602886554134642 ) ) ;
#594 = ORIENTED_EDGE ( 'NONE', *, *, #1824, .F. ) ;
#595 = CARTESIAN_POINT ( 'NONE',  ( 3.854545454545459382, -0.6963209641470948785, -55.07571301209221559 ) ) ;
#596 = DIRECTION ( 'NONE',  ( 0.000000000000000000, 0.000000000000000000, 1.000000000000000000 ) ) ;
#597 = CARTESIAN_POINT ( 'NONE',  ( -0.8818681378123545134, -0.2548449321630699704, -52.89903837262232855 ) ) ;
#598 = AXIS2_PLACEMENT_3D ( 'NONE', #1665, #2429, #1471 ) ;
#599 = CARTESIAN_POINT ( 'NONE',  ( 0.8999999999999777067, -0.1897118697389730269, -52.32473071027417433 ) ) ;
#600 = FACE_OUTER_BOUND ( 'NONE', #553, .T. ) ;
#601 = EDGE_LOOP ( 'NONE', ( #1000, #752, #1126, #1366 ) ) ;
#602 = CARTESIAN_POINT ( 'NONE',  ( 3.166252364029618072, -0.5879777288660222867, -7.000000000000006217 ) ) ;
#603 = ADVANCED_FACE ( 'NONE', ( #2505 ), #617, .T. ) ;
#604 = VERTEX_POINT ( 'NONE', #766 ) ;
#605 = DIRECTION ( 'NONE',  ( 0.000000000000000000, 0.000000000000000000, 1.000000000000000000 ) ) ;
#606 = EDGE_CURVE ( 'NONE', #739, #795, #177, .T. ) ;
#607 = ORIENTED_EDGE ( 'NONE', *, *, #1942, .F. ) ;
#608 = CARTESIAN_POINT ( 'NONE',  ( 3.807554784824423333, 5.166625099232528148E-14, -55.19903837262238255 ) ) ;
#609 = CARTESIAN_POINT ( 'NONE',  ( 5.337580670050317444, -1.800000000000000044, -50.66062584527848855 ) ) ;
#610 = CARTESIAN_POINT ( 'NONE',  ( 5.557813465559814148, -1.715724012882594796, -50.91080042954899199 ) ) ;
#611 = DIRECTION ( 'NONE',  ( 0.000000000000000000, 1.000000000000000000, -0.000000000000000000 ) ) ;
#612 = DIRECTION ( 'NONE',  ( 0.000000000000000000, 0.000000000000000000, -1.000000000000000000 ) ) ;
#613 = CARTESIAN_POINT ( 'NONE',  ( 6.399999999999979927, 0.000000000000000000, -49.99999999999998579 ) ) ;
#614 = CARTESIAN_POINT ( 'NONE',  ( 52.49999999999999289, 0.000000000000000000, -43.04999999999999005 ) ) ;
#615 = PLANE ( 'NONE',  #265 ) ;
#616 = ORIENTED_EDGE ( 'NONE', *, *, #882, .T. ) ;
#617 = CYLINDRICAL_SURFACE ( 'NONE', #1964, 2.600000000000010747 ) ;
#618 = EDGE_CURVE ( 'NONE', #1713, #1153, #1029, .T. ) ;
#619 = ORIENTED_EDGE ( 'NONE', *, *, #2282, .F. ) ;
#620 = CIRCLE ( 'NONE', #579, 1.249999999999990674 ) ;
#621 = PLANE ( 'NONE',  #1187 ) ;
#622 = CARTESIAN_POINT ( 'NONE',  ( 5.629872969898027435, 0.000000000000000000, -7.003375676700671626 ) ) ;
#623 = AXIS2_PLACEMENT_3D ( 'NONE', #239, #1831, #1022 ) ;
#624 = DIRECTION ( 'NONE',  ( 0.000000000000000000, 1.000000000000000000, -0.000000000000000000 ) ) ;
#625 = CIRCLE ( 'NONE', #1565, 4.400000000000014566 ) ;
#626 = CARTESIAN_POINT ( 'NONE',  ( 1.304008451444238936, -1.436467489709509548, -51.09037033758301050 ) ) ;
#627 = CARTESIAN_POINT ( 'NONE',  ( 56.99999999999999289, 0.000000000000000000, -8.071774541279836674E-15 ) ) ;
#628 = CARTESIAN_POINT ( 'NONE',  ( 0.8999999999999811484, -1.800000000000001155, -48.95035213014021025 ) ) ;
#629 = DIRECTION ( 'NONE',  ( 0.000000000000000000, -1.000000000000000000, 0.000000000000000000 ) ) ;
#630 = FACE_OUTER_BOUND ( 'NONE', #1968, .T. ) ;
#631 = VERTEX_POINT ( 'NONE', #431 ) ;
#632 = CARTESIAN_POINT ( 'NONE',  ( 6.385359664867686469, -4.237468369645748660E-11, -53.19981630674080719 ) ) ;
#633 = ORIENTED_EDGE ( 'NONE', *, *, #1745, .T. ) ;
#634 = DIRECTION ( 'NONE',  ( -0.000000000000000000, -1.000000000000000000, -0.000000000000000000 ) ) ;
#635 = CARTESIAN_POINT ( 'NONE',  ( 0.8999999999999795941, 0.000000000000000000, -49.18564020683625415 ) ) ;
#636 = EDGE_CURVE ( 'NONE', #557, #941, #982, .T. ) ;
#637 = ORIENTED_EDGE ( 'NONE', *, *, #2186, .T. ) ;
#638 = CARTESIAN_POINT ( 'NONE',  ( 61.49999999999999289, -5.700000000000000178, -0.8999999999999854783 ) ) ;
#639 = ADVANCED_FACE ( 'NONE', ( #755 ), #2329, .F. ) ;
#640 = CARTESIAN_POINT ( 'NONE',  ( 56.99999999999999289, 0.000000000000000000, -9.499999999999998224 ) ) ;
#641 = DIRECTION ( 'NONE',  ( -0.000000000000000000, -1.000000000000000000, 0.000000000000000000 ) ) ;
#642 = CARTESIAN_POINT ( 'NONE',  ( 56.99999999999999289, 1.800000000000000044, -8.071774541279836674E-15 ) ) ;
#643 = ORIENTED_EDGE ( 'NONE', *, *, #2325, .T. ) ;
#644 = CARTESIAN_POINT ( 'NONE',  ( 6.038336225471315544, -0.4793812116574475701, -53.08235155224954127 ) ) ;
#645 = ORIENTED_EDGE ( 'NONE', *, *, #455, .F. ) ;
#646 = PLANE ( 'NONE',  #216 ) ;
#647 = CARTESIAN_POINT ( 'NONE',  ( 1.786360476661125851, -1.780305041077192341, -50.54151466741502219 ) ) ;
#648 = ORIENTED_EDGE ( 'NONE', *, *, #1339, .T. ) ;
#649 = ADVANCED_FACE ( 'NONE', ( #2180 ), #2313, .F. ) ;
#650 = CARTESIAN_POINT ( 'NONE',  ( 59.81363652022081112, -0.2244784160230360315, -6.999999999999999112 ) ) ;
#651 = EDGE_CURVE ( 'NONE', #2034, #2409, #2405, .T. ) ;
#652 = EDGE_CURVE ( 'NONE', #727, #260, #871, .T. ) ;
#653 = DIRECTION ( 'NONE',  ( 0.000000000000000000, 0.000000000000000000, 1.000000000000000000 ) ) ;
#654 = DIRECTION ( 'NONE',  ( 0.000000000000000000, 0.000000000000000000, 1.000000000000000000 ) ) ;
#655 = DIRECTION ( 'NONE',  ( -1.416100796715760617E-16, 0.000000000000000000, -1.000000000000000000 ) ) ;
#656 = ORIENTED_EDGE ( 'NONE', *, *, #129, .T. ) ;
#657 = CARTESIAN_POINT ( 'NONE',  ( 5.552419791057151777, -0.4656727977702325161, -50.86594826420912341 ) ) ;
#658 = VERTEX_POINT ( 'NONE', #1797 ) ;
#659 = DIRECTION ( 'NONE',  ( 0.000000000000000000, 0.000000000000000000, -1.000000000000000000 ) ) ;
#660 = AXIS2_PLACEMENT_3D ( 'NONE', #1302, #2076, #2465 ) ;
#661 = VECTOR ( 'NONE', #230, 1000.000000000000000 ) ;
#662 = VERTEX_POINT ( 'NONE', #1847 ) ;
#663 = CYLINDRICAL_SURFACE ( 'NONE', #824, 22.50000000000000000 ) ;
#664 = AXIS2_PLACEMENT_3D ( 'NONE', #114, #2428, #2277 ) ;
#665 = CIRCLE ( 'NONE', #2411, 2.600000000000010747 ) ;
#666 = LINE ( 'NONE', #439, #1477 ) ;
#667 = CARTESIAN_POINT ( 'NONE',  ( 6.399999999999979927, 1.800000000000000044, -52.89903837262234276 ) ) ;
#668 = FACE_OUTER_BOUND ( 'NONE', #1576, .T. ) ;
#669 = EDGE_CURVE ( 'NONE', #2339, #105, #848, .T. ) ;
#670 = ORIENTED_EDGE ( 'NONE', *, *, #1925, .T. ) ;
#671 = CARTESIAN_POINT ( 'NONE',  ( 3.500000000000218492, -0.5888374497166688482, -55.10000000000000142 ) ) ;
#672 = ORIENTED_EDGE ( 'NONE', *, *, #1249, .F. ) ;
#673 = DIRECTION ( 'NONE',  ( 0.000000000000000000, -1.000000000000000000, 0.000000000000000000 ) ) ;
#674 = ORIENTED_EDGE ( 'NONE', *, *, #850, .T. ) ;
#675 =( BOUNDED_SURFACE ( )  B_SPLINE_SURFACE ( 3, 2, ( 
 ( #750, #950, #1536 ),
 ( #387, #2302, #1738 ),
 ( #410, #1158, #565 ),
 ( #2112, #1364, #589 ) ),
 .UNSPECIFIED., .F., .F., .F. ) 
 B_SPLINE_SURFACE_WITH_KNOTS ( ( 4, 4 ),
 ( 3, 3 ),
 ( 0.007069575903111762274, 0.007542311605163848180 ),
 ( 0.000000000000000000, 1.000000000000000000 ),
 .UNSPECIFIED. ) 
 GEOMETRIC_REPRESENTATION_ITEM ( )  RATIONAL_B_SPLINE_SURFACE ( (
 ( 1.000000000000000000, 0.9964555625112060389, 1.000000000000000000),
 ( 1.000000000000000000, 0.9988177859097845390, 1.000000000000000000),
 ( 1.000000000000000000, 0.9999997913352584034, 1.000000000000000000),
 ( 1.000000000000000000, 1.000000000000000000, 1.000000000000000000) ) ) 
 REPRESENTATION_ITEM ( '' )  SURFACE ( )  );
#676 = LINE ( 'NONE', #2427, #2157 ) ;
#677 = DIRECTION ( 'NONE',  ( 0.000000000000000000, 1.000000000000000000, -0.000000000000000000 ) ) ;
#678 = FACE_OUTER_BOUND ( 'NONE', #1548, .T. ) ;
#679 = ORIENTED_EDGE ( 'NONE', *, *, #1258, .T. ) ;
#680 = EDGE_CURVE ( 'NONE', #2288, #966, #483, .T. ) ;
#681 = DIRECTION ( 'NONE',  ( 0.000000000000000000, -1.000000000000000000, 0.000000000000000000 ) ) ;
#682 = EDGE_LOOP ( 'NONE', ( #1652, #1192, #2316, #885 ) ) ;
#683 = EDGE_LOOP ( 'NONE', ( #1635, #1030, #1822, #417 ) ) ;
#684 = EDGE_CURVE ( 'NONE', #910, #1359, #860, .T. ) ;
#685 = DIRECTION ( 'NONE',  ( -0.3117686467107639303, -0.9501580452367589524, 0.000000000000000000 ) ) ;
#686 = VECTOR ( 'NONE', #491, 1000.000000000000000 ) ;
#687 = VERTEX_POINT ( 'NONE', #2229 ) ;
#688 = CARTESIAN_POINT ( 'NONE',  ( 2.999999999999992006, -0.5644660940672791005, -7.000000000000006217 ) ) ;
#689 = DIRECTION ( 'NONE',  ( 0.000000000000000000, 1.000000000000000000, -0.000000000000000000 ) ) ;
#690 = DIRECTION ( 'NONE',  ( 0.000000000000000000, 0.000000000000000000, 1.000000000000000000 ) ) ;
#691 = DIRECTION ( 'NONE',  ( 0.000000000000000000, 0.000000000000000000, 1.000000000000000000 ) ) ;
#692 = VERTEX_POINT ( 'NONE', #242 ) ;
#693 = LINE ( 'NONE', #2068, #2161 ) ;
#694 = ORIENTED_EDGE ( 'NONE', *, *, #771, .F. ) ;
#695 = CARTESIAN_POINT ( 'NONE',  ( 3.117719261374378270, -0.3204180562169144375, -55.07646071015111033 ) ) ;
#696 = EDGE_CURVE ( 'NONE', #1746, #2468, #1027, .T. ) ;
#697 = EDGE_LOOP ( 'NONE', ( #1218, #1177, #1931, #1633 ) ) ;
#698 = AXIS2_PLACEMENT_3D ( 'NONE', #954, #2470, #729 ) ;
#699 = CARTESIAN_POINT ( 'NONE',  ( 0.4999999999999917843, -0.8873182505444681123, -4.659391725533975404 ) ) ;
#700 = AXIS2_PLACEMENT_3D ( 'NONE', #1193, #585, #394 ) ;
#701 = CARTESIAN_POINT ( 'NONE',  ( 3.322727272727239445, -0.6176225609647878478, -55.09394957163112849 ) ) ;
#702 = AXIS2_PLACEMENT_3D ( 'NONE', #340, #677, #690 ) ;
#703 = CARTESIAN_POINT ( 'NONE',  ( 4.118622759159022095, -0.8271524754720590566, -55.02918266055783647 ) ) ;
#704 = LINE ( 'NONE', #1859, #2192 ) ;
#705 = AXIS2_PLACEMENT_3D ( 'NONE', #2014, #797, #2432 ) ;
#706 = ORIENTED_EDGE ( 'NONE', *, *, #2282, .T. ) ;
#707 = DIRECTION ( 'NONE',  ( 1.000000000000000000, -0.000000000000000000, 0.000000000000000000 ) ) ;
#708 = DIRECTION ( 'NONE',  ( -0.000000000000000000, -1.000000000000000000, -0.000000000000000000 ) ) ;
#709 = CARTESIAN_POINT ( 'NONE',  ( 2.573794365791863381, -0.7808975814070802102, -54.93429761285179325 ) ) ;
#710 = ORIENTED_EDGE ( 'NONE', *, *, #1575, .F. ) ;
#711 = EDGE_CURVE ( 'NONE', #720, #1724, #693, .T. ) ;
#712 = CARTESIAN_POINT ( 'NONE',  ( 61.49999999999999289, 1.800000000000000044, -4.749999999999986677 ) ) ;
#713 = FACE_OUTER_BOUND ( 'NONE', #2333, .T. ) ;
#714 = CARTESIAN_POINT ( 'NONE',  ( 7.399999999999979927, 1.800000000000000044, -49.99999999999997868 ) ) ;
#715 = DIRECTION ( 'NONE',  ( -0.000000000000000000, -1.000000000000000000, 0.000000000000000000 ) ) ;
#716 = ORIENTED_EDGE ( 'NONE', *, *, #99, .T. ) ;
#717 = CARTESIAN_POINT ( 'NONE',  ( 3.499999999999989342, 1.800000000000000044, -52.49999999999999289 ) ) ;
#718 = VERTEX_POINT ( 'NONE', #1668 ) ;
#719 = CARTESIAN_POINT ( 'NONE',  ( 52.49999999999999289, 1.800000000000000044, -4.499999999999990230 ) ) ;
#720 = VERTEX_POINT ( 'NONE', #1708 ) ;
#721 = SURFACE_STYLE_FILL_AREA ( #1468 ) ;
#722 = EDGE_CURVE ( 'NONE', #79, #1814, #264, .T. ) ;
#723 = CARTESIAN_POINT ( 'NONE',  ( 3.199999999999990852, 4.336808689942017736E-16, -55.19903837262236124 ) ) ;
#724 = FACE_OUTER_BOUND ( 'NONE', #844, .T. ) ;
#725 =( NAMED_UNIT ( * ) SI_UNIT ( $, .STERADIAN. ) SOLID_ANGLE_UNIT ( ) );
#726 = ADVANCED_FACE ( 'NONE', ( #740 ), #1475, .F. ) ;
#727 = VERTEX_POINT ( 'NONE', #2443 ) ;
#728 = DIRECTION ( 'NONE',  ( -0.000000000000000000, -1.000000000000000000, -0.000000000000000000 ) ) ;
#729 = DIRECTION ( 'NONE',  ( 0.000000000000000000, 0.000000000000000000, 1.000000000000000000 ) ) ;
#730 = LINE ( 'NONE', #322, #385 ) ;
#731 = EDGE_LOOP ( 'NONE', ( #77, #846, #325, #2502 ) ) ;
#732 = CARTESIAN_POINT ( 'NONE',  ( 3.199999999999986411, 0.000000000000000000, -55.19903837262236124 ) ) ;
#733 = ORIENTED_EDGE ( 'NONE', *, *, #1381, .T. ) ;
#734 = FACE_OUTER_BOUND ( 'NONE', #471, .T. ) ;
#735 = CIRCLE ( 'NONE', #2241, 1.449999999999999956 ) ;
#736 = DIRECTION ( 'NONE',  ( 0.000000000000000000, 0.000000000000000000, 1.000000000000000000 ) ) ;
#737 = FACE_OUTER_BOUND ( 'NONE', #731, .T. ) ;
#738 = VECTOR ( 'NONE', #1871, 1000.000000000000000 ) ;
#739 = VERTEX_POINT ( 'NONE', #2431 ) ;
#740 = FACE_OUTER_BOUND ( 'NONE', #47, .T. ) ;
#741 = CARTESIAN_POINT ( 'NONE',  ( 12.49999999999999112, 1.800000000000000044, -44.49999999999999289 ) ) ;
#742 = DIRECTION ( 'NONE',  ( 1.086151187700412521E-16, 0.000000000000000000, 1.000000000000000000 ) ) ;
#743 = EDGE_CURVE ( 'NONE', #1814, #1502, #345, .T. ) ;
#744 = VECTOR ( 'NONE', #2202, 1000.000000000000000 ) ;
#745 = VERTEX_POINT ( 'NONE', #2046 ) ;
#746 = DIRECTION ( 'NONE',  ( 1.000000000000000000, -0.000000000000000000, 0.000000000000000000 ) ) ;
#747 = ADVANCED_FACE ( 'NONE', ( #2243 ), #1091, .F. ) ;
#748 = ORIENTED_EDGE ( 'NONE', *, *, #473, .T. ) ;
#749 = CARTESIAN_POINT ( 'NONE',  ( 3.499999999999996003, -0.6000000000000176303, 1.387778780781445676E-14 ) ) ;
#750 = CARTESIAN_POINT ( 'NONE',  ( 0.8999999999999791500, 0.000000000000000000, -52.89903837262232145 ) ) ;
#751 = PLANE ( 'NONE',  #1054 ) ;
#752 = ORIENTED_EDGE ( 'NONE', *, *, #2251, .F. ) ;
#753 = EDGE_CURVE ( 'NONE', #331, #687, #1686, .T. ) ;
#754 = ORIENTED_EDGE ( 'NONE', *, *, #1213, .T. ) ;
#755 = FACE_OUTER_BOUND ( 'NONE', #1698, .T. ) ;
#756 = EDGE_CURVE ( 'NONE', #2193, #477, #1430, .T. ) ;
#757 = ORIENTED_EDGE ( 'NONE', *, *, #2205, .T. ) ;
#758 = CARTESIAN_POINT ( 'NONE',  ( 2.999999999999992006, 1.800000000000000044, 1.387778780781445676E-14 ) ) ;
#759 = CARTESIAN_POINT ( 'NONE',  ( 0.8999999999999789280, 0.000000000000000000, -52.49999999999999289 ) ) ;
#760 = DIRECTION ( 'NONE',  ( 0.000000000000000000, -1.000000000000000000, 0.000000000000000000 ) ) ;
#761 = VECTOR ( 'NONE', #1351, 1000.000000000000000 ) ;
#762 = ORIENTED_EDGE ( 'NONE', *, *, #1028, .F. ) ;
#763 = CARTESIAN_POINT ( 'NONE',  ( 3.499999999999996003, 1.800000000000000044, -3.499999999999996003 ) ) ;
#764 = AXIS2_PLACEMENT_3D ( 'NONE', #1619, #2395, #1436 ) ;
#765 = ORIENTED_EDGE ( 'NONE', *, *, #416, .T. ) ;
#766 = CARTESIAN_POINT ( 'NONE',  ( 12.49999999999999112, 0.000000000000000000, -43.04999999999999005 ) ) ;
#767 = AXIS2_PLACEMENT_3D ( 'NONE', #597, #989, #1386 ) ;
#768 = VERTEX_POINT ( 'NONE', #1321 ) ;
#769 = FACE_BOUND ( 'NONE', #2475, .T. ) ;
#770 = PLANE ( 'NONE',  #1075 ) ;
#771 = EDGE_CURVE ( 'NONE', #1626, #1733, #533, .T. ) ;
#772 = CARTESIAN_POINT ( 'NONE',  ( 6.494196945746884886, -2.719805768636878930E-14, -49.53626671788057223 ) ) ;
#773 = DIRECTION ( 'NONE',  ( 1.000000000000000000, -0.000000000000000000, 0.000000000000000000 ) ) ;
#774 = CARTESIAN_POINT ( 'NONE',  ( 61.49999999999999289, -1.500000000000026423, -3.499999999999996003 ) ) ;
#775 = PRODUCT_CONTEXT ( 'NONE', #2184, 'mechanical' ) ;
#776 = CARTESIAN_POINT ( 'NONE',  ( 61.49999999999999289, 0.000000000000000000, -3.499999999999996003 ) ) ;
#777 = AXIS2_PLACEMENT_3D ( 'NONE', #1147, #2129, #1538 ) ;
#778 = CARTESIAN_POINT ( 'NONE',  ( 0.5596522903687283224, -0.7515806935128639399, -1.866710137903145439 ) ) ;
#779 = VECTOR ( 'NONE', #2152, 1000.000000000000000 ) ;
#780 = EDGE_LOOP ( 'NONE', ( #592, #474, #619, #377 ) ) ;
#781 = CARTESIAN_POINT ( 'NONE',  ( 5.573005381284476201, -0.5015217593636198679, -54.07536100052061556 ) ) ;
#782 = AXIS2_PLACEMENT_3D ( 'NONE', #1087, #517, #160 ) ;
#783 = CIRCLE ( 'NONE', #1149, 1.449999999999999956 ) ;
#784 = ORIENTED_EDGE ( 'NONE', *, *, #1828, .T. ) ;
#785 = CARTESIAN_POINT ( 'NONE',  ( 3.379813271489824800, -0.2866715898559666353, -55.09986134810864655 ) ) ;
#786 = CARTESIAN_POINT ( 'NONE',  ( 4.961701694779541150, -0.3222385640161308240, 1.387778780781445518E-14 ) ) ;
#787 = CARTESIAN_POINT ( 'NONE',  ( 5.549514928423561422, -1.722128344962274182, -50.90015416278417604 ) ) ;
#788 = EDGE_CURVE ( 'NONE', #1153, #1713, #620, .T. ) ;
#789 = DIRECTION ( 'NONE',  ( 0.000000000000000000, 0.000000000000000000, -1.000000000000000000 ) ) ;
#790 = DIRECTION ( 'NONE',  ( -0.000000000000000000, -1.000000000000000000, -0.000000000000000000 ) ) ;
#791 = ORIENTED_EDGE ( 'NONE', *, *, #1261, .F. ) ;
#792 = CARTESIAN_POINT ( 'NONE',  ( 59.50000000000000000, 1.800000000000000044, -9.499999999999998224 ) ) ;
#793 = ORIENTED_EDGE ( 'NONE', *, *, #972, .T. ) ;
#794 = CARTESIAN_POINT ( 'NONE',  ( 4.542367611051671972, -0.9757659774469307212, -54.88633689953054784 ) ) ;
#795 = VERTEX_POINT ( 'NONE', #1286 ) ;
#796 = DIRECTION ( 'NONE',  ( 0.000000000000000000, 0.000000000000000000, -1.000000000000000000 ) ) ;
#797 = DIRECTION ( 'NONE',  ( 1.000000000000000000, 0.000000000000000000, -1.062075597536820524E-16 ) ) ;
#798 = CARTESIAN_POINT ( 'NONE',  ( 5.610523793939746540, -1.672258100151289062, -50.98154980389178803 ) ) ;
#799 = CARTESIAN_POINT ( 'NONE',  ( 1.201892494873034067, -1.274812594104552499, -51.26867220681092618 ) ) ;
#800 = DIRECTION ( 'NONE',  ( -0.000000000000000000, 1.000000000000000000, -0.000000000000000000 ) ) ;
#801 = CARTESIAN_POINT ( 'NONE',  ( 5.796293540275578415, -1.511341533160055040, -51.27222908022632453 ) ) ;
#802 = EDGE_CURVE ( 'NONE', #356, #1684, #1719, .T. ) ;
#803 = ORIENTED_EDGE ( 'NONE', *, *, #1761, .F. ) ;
#804 = ORIENTED_EDGE ( 'NONE', *, *, #1856, .T. ) ;
#805 = CARTESIAN_POINT ( 'NONE',  ( 3.499999999999989342, 0.000000000000000000, -52.49999999999999289 ) ) ;
#806 = CARTESIAN_POINT ( 'NONE',  ( 1.794029247949612937, -0.3767022855092738709, -50.50265939099556789 ) ) ;
#807 = CARTESIAN_POINT ( 'NONE',  ( 65.50000000000001421, -0.06520065682626691173, -4.102974785569314164 ) ) ;
#808 = CARTESIAN_POINT ( 'NONE',  ( 1.585295462726449056, -1.689388459579191260, -50.73670528523870615 ) ) ;
#809 = CIRCLE ( 'NONE', #767, 1.800000000000001599 ) ;
#810 = CARTESIAN_POINT ( 'NONE',  ( 32.49999999999999289, 1.800000000000000044, -46.99999999999998579 ) ) ;
#811 =( GEOMETRIC_REPRESENTATION_CONTEXT ( 3 ) GLOBAL_UNCERTAINTY_ASSIGNED_CONTEXT ( ( #1917 ) ) GLOBAL_UNIT_ASSIGNED_CONTEXT ( ( #2126, #341, #725 ) ) REPRESENTATION_CONTEXT ( 'NONE', 'WORKASPACE' ) );
#812 = CARTESIAN_POINT ( 'NONE',  ( 3.499999999999989342, -5.700000000000000178, -49.89999999999997726 ) ) ;
#813 = CYLINDRICAL_SURFACE ( 'NONE', #1688, 2.500000000000000000 ) ;
#814 = CARTESIAN_POINT ( 'NONE',  ( 6.043760276153390620, -1.129628340340140591, -51.94309471143510137 ) ) ;
#815 = DIRECTION ( 'NONE',  ( -0.000000000000000000, -1.000000000000000000, 0.000000000000000000 ) ) ;
#816 = ORIENTED_EDGE ( 'NONE', *, *, #722, .F. ) ;
#817 = EDGE_CURVE ( 'NONE', #2234, #1674, #2060, .T. ) ;
#818 = CARTESIAN_POINT ( 'NONE',  ( 6.082588510313433616, -0.4603287035640593605, -52.80933790343562606 ) ) ;
#819 = AXIS2_PLACEMENT_3D ( 'NONE', #1618, #1227, #2018 ) ;
#820 = ORIENTED_EDGE ( 'NONE', *, *, #157, .F. ) ;
#821 = AXIS2_PLACEMENT_3D ( 'NONE', #19, #1750, #736 ) ;
#822 = FACE_BOUND ( 'NONE', #2061, .T. ) ;
#823 = DIRECTION ( 'NONE',  ( -2.991894644029227514E-16, 0.000000000000000000, -1.000000000000000000 ) ) ;
#824 = AXIS2_PLACEMENT_3D ( 'NONE', #2160, #1448, #478 ) ;
#825 = ORIENTED_EDGE ( 'NONE', *, *, #1417, .T. ) ;
#826 = DIRECTION ( 'NONE',  ( -0.000000000000000000, -1.000000000000000000, -0.000000000000000000 ) ) ;
#827 = DIRECTION ( 'NONE',  ( 0.000000000000000000, -1.000000000000000000, 0.000000000000000000 ) ) ;
#828 = CARTESIAN_POINT ( 'NONE',  ( 3.854545454545421190, -0.6963209641470744504, -55.07571301209222270 ) ) ;
#829 = DIRECTION ( 'NONE',  ( 0.000000000000000000, -1.000000000000000000, 0.000000000000000000 ) ) ;
#830 = CARTESIAN_POINT ( 'NONE',  ( 3.499999999999996003, -5.700000000000000178, -3.499999999999996003 ) ) ;
#831 = DIRECTION ( 'NONE',  ( 0.000000000000000000, 1.000000000000000000, -0.000000000000000000 ) ) ;
#832 = ORIENTED_EDGE ( 'NONE', *, *, #49, .F. ) ;
#833 = CARTESIAN_POINT ( 'NONE',  ( 3.745347134439264813, -0.6356847785411828822, -55.09074409973896991 ) ) ;
#834 = EDGE_CURVE ( 'NONE', #1834, #795, #1493, .T. ) ;
#835 = ORIENTED_EDGE ( 'NONE', *, *, #1006, .F. ) ;
#836 = CARTESIAN_POINT ( 'NONE',  ( 61.49999999999999289, -5.700000000000000178, -3.499999999999996003 ) ) ;
#837 = CARTESIAN_POINT ( 'NONE',  ( 1.972748165556878153, -0.08986158088963308588, -50.39580667154187665 ) ) ;
#838 = EDGE_CURVE ( 'NONE', #283, #2288, #2047, .T. ) ;
#839 = ORIENTED_EDGE ( 'NONE', *, *, #944, .F. ) ;
#840 = CARTESIAN_POINT ( 'NONE',  ( 3.499999999999996003, -5.700000000000000178, -3.499999999999996003 ) ) ;
#841 = FACE_OUTER_BOUND ( 'NONE', #1090, .T. ) ;
#842 = CARTESIAN_POINT ( 'NONE',  ( 0.4999999999999917843, -0.9377223398316447689, -4.500000000000005329 ) ) ;
#843 = CARTESIAN_POINT ( 'NONE',  ( 2.999999999999992006, 0.000000000000000000, 1.387778780781445676E-14 ) ) ;
#844 = EDGE_LOOP ( 'NONE', ( #1202, #2132, #487, #2212, #519 ) ) ;
#845 = CARTESIAN_POINT ( 'NONE',  ( 5.725172782800170168, -1.586067463980820547, -51.14673856720753520 ) ) ;
#846 = ORIENTED_EDGE ( 'NONE', *, *, #909, .F. ) ;
#847 = FACE_OUTER_BOUND ( 'NONE', #1996, .T. ) ;
#848 = B_SPLINE_CURVE_WITH_KNOTS ( 'NONE', 3,
 ( #671, #1452, #833, #258 ),
 .UNSPECIFIED., .F., .F.,
 ( 4, 4 ),
 ( 0.0001797984963442748733, 0.0005550129408880225684 ),
 .UNSPECIFIED. ) ;
#849 = ORIENTED_EDGE ( 'NONE', *, *, #2084, .T. ) ;
#850 = EDGE_CURVE ( 'NONE', #1674, #511, #1336, .T. ) ;
#851 = FACE_OUTER_BOUND ( 'NONE', #1758, .T. ) ;
#852 = AXIS2_PLACEMENT_3D ( 'NONE', #255, #1423, #1229 ) ;
#853 = LINE ( 'NONE', #62, #1767 ) ;
#854 = CARTESIAN_POINT ( 'NONE',  ( 54.49999999999998579, 1.800000000000000044, -46.49999999999998579 ) ) ;
#855 = DIRECTION ( 'NONE',  ( 0.000000000000000000, 0.000000000000000000, 1.000000000000000000 ) ) ;
#856 = ORIENTED_EDGE ( 'NONE', *, *, #1213, .F. ) ;
#857 = CARTESIAN_POINT ( 'NONE',  ( 6.105288068078741581, -0.4502569449999046514, -52.60843814436140065 ) ) ;
#858 = VECTOR ( 'NONE', #2481, 1000.000000000000000 ) ;
#859 = CARTESIAN_POINT ( 'NONE',  ( 1.283459155472803204, -0.7456986827325206013, -53.86778608864521090 ) ) ;
#860 = CIRCLE ( 'NONE', #302, 1.449999999999999956 ) ;
#861 = EDGE_LOOP ( 'NONE', ( #1506, #1490, #1615 ) ) ;
#862 = CARTESIAN_POINT ( 'NONE',  ( 2.348269245734873945, -0.4958049577334036062, -6.919154787476210267 ) ) ;
#863 = VECTOR ( 'NONE', #925, 1000.000000000000000 ) ;
#864 = ADVANCED_FACE ( 'NONE', ( #1792 ), #1391, .T. ) ;
#865 = VECTOR ( 'NONE', #1570, 1000.000000000000000 ) ;
#866 = LINE ( 'NONE', #339, #938 ) ;
#867 = DIRECTION ( 'NONE',  ( 0.000000000000000000, 0.000000000000000000, 1.000000000000000000 ) ) ;
#868 = DIRECTION ( 'NONE',  ( 0.000000000000000000, 0.000000000000000000, -1.000000000000000000 ) ) ;
#869 = EDGE_CURVE ( 'NONE', #260, #2488, #2240, .T. ) ;
#870 = ORIENTED_EDGE ( 'NONE', *, *, #1899, .F. ) ;
#871 = LINE ( 'NONE', #2385, #1726 ) ;
#872 = VERTEX_POINT ( 'NONE', #614 ) ;
#873 = CARTESIAN_POINT ( 'NONE',  ( 1.206631462562061774, -0.7173715606821579049, -53.73457547864294526 ) ) ;
#874 = ORIENTED_EDGE ( 'NONE', *, *, #68, .F. ) ;
#875 = CARTESIAN_POINT ( 'NONE',  ( 2.834357615544596865, -0.5410407234072148741, -7.000000000000006217 ) ) ;
#876 = FACE_OUTER_BOUND ( 'NONE', #969, .T. ) ;
#877 = CARTESIAN_POINT ( 'NONE',  ( 63.00000000000000000, -0.2921134470680575856, 1.387778780781445676E-14 ) ) ;
#878 = DIRECTION ( 'NONE',  ( 0.000000000000000000, -1.000000000000000000, 0.000000000000000000 ) ) ;
#879 = EDGE_LOOP ( 'NONE', ( #2207, #2016 ) ) ;
#880 = CARTESIAN_POINT ( 'NONE',  ( 6.399999999999979039, -2.168404344971008868E-16, -49.99999999999391775 ) ) ;
#881 = CARTESIAN_POINT ( 'NONE',  ( 5.543907325494118687, -0.04708699199433522692, -6.999999999999827693 ) ) ;
#882 = EDGE_CURVE ( 'NONE', #2288, #283, #2323, .T. ) ;
#883 = ORIENTED_EDGE ( 'NONE', *, *, #237, .T. ) ;
#884 = CARTESIAN_POINT ( 'NONE',  ( 1.562437440965040780, -0.8042258301160092326, -54.24058480310793584 ) ) ;
#885 = ORIENTED_EDGE ( 'NONE', *, *, #1464, .F. ) ;
#886 = AXIS2_PLACEMENT_3D ( 'NONE', #1832, #481, #86 ) ;
#887 = CARTESIAN_POINT ( 'NONE',  ( 54.49999999999998579, 0.000000000000000000, -48.99999999999998579 ) ) ;
#888 = CARTESIAN_POINT ( 'NONE',  ( 52.49999999999999289, 0.000000000000000000, -3.049999999999990052 ) ) ;
#889 = CARTESIAN_POINT ( 'NONE',  ( 4.905115768398186304, -1.066476888510021093, -54.69253981505737983 ) ) ;
#890 = CARTESIAN_POINT ( 'NONE',  ( 6.399999999999979927, 1.800000000000000044, -49.99999999999998579 ) ) ;
#891 = ORIENTED_EDGE ( 'NONE', *, *, #1942, .T. ) ;
#892 = DIRECTION ( 'NONE',  ( 0.000000000000000000, -1.000000000000000000, 0.000000000000000000 ) ) ;
#893 = DIRECTION ( 'NONE',  ( -0.000000000000000000, -1.000000000000000000, -0.000000000000000000 ) ) ;
#894 = ADVANCED_FACE ( 'NONE', ( #1603 ), #1628, .T. ) ;
#895 = VERTEX_POINT ( 'NONE', #85 ) ;
#896 = DIRECTION ( 'NONE',  ( 0.000000000000000000, 1.000000000000000000, -0.000000000000000000 ) ) ;
#897 = ADVANCED_FACE ( 'NONE', ( #841 ), #813, .T. ) ;
#898 = VERTEX_POINT ( 'NONE', #667 ) ;
#899 = CARTESIAN_POINT ( 'NONE',  ( 2.187310623398222909, -0.4871442199381688654, -6.870012852168820849 ) ) ;
#900 = CIRCLE ( 'NONE', #503, 2.500000000000000000 ) ;
#901 = CARTESIAN_POINT ( 'NONE',  ( 3.499999999999989342, -1.800000000000000044, -52.49999999999999289 ) ) ;
#902 = DIRECTION ( 'NONE',  ( 0.000000000000000000, 0.000000000000000000, -1.000000000000000000 ) ) ;
#903 = FACE_OUTER_BOUND ( 'NONE', #697, .T. ) ;
#904 = STYLED_ITEM ( 'NONE', ( #1509 ), #1445 ) ;
#905 = ORIENTED_EDGE ( 'NONE', *, *, #1043, .F. ) ;
#906 = CARTESIAN_POINT ( 'NONE',  ( 0.9596115134362807053, -0.4829113440541012992, -53.05827001285690159 ) ) ;
#907 = ORIENTED_EDGE ( 'NONE', *, *, #273, .T. ) ;
#908 = DIRECTION ( 'NONE',  ( -0.000000000000000000, -1.000000000000000000, 0.000000000000000000 ) ) ;
#909 = EDGE_CURVE ( 'NONE', #1328, #739, #853, .T. ) ;
#910 = VERTEX_POINT ( 'NONE', #1199 ) ;
#911 = CARTESIAN_POINT ( 'NONE',  ( 0.5151124319451241274, -0.8408202733584340116, -4.817758031797938045 ) ) ;
#912 = EDGE_CURVE ( 'NONE', #895, #1771, #428, .T. ) ;
#913 = CARTESIAN_POINT ( 'NONE',  ( 3.322727272727264314, -0.6176225609647728598, -55.09394957163112849 ) ) ;
#914 = CARTESIAN_POINT ( 'NONE',  ( 61.75454351604349768, -0.6000000000000176303, 1.387778780781445991E-14 ) ) ;
#915 = CARTESIAN_POINT ( 'NONE',  ( 5.499999999999990230, -0.06887112585074071924, -7.000000000000006217 ) ) ;
#916 = ORIENTED_EDGE ( 'NONE', *, *, #319, .T. ) ;
#917 = CARTESIAN_POINT ( 'NONE',  ( 1.060537070629180123, -0.6279414994367150671, -53.41262842186866777 ) ) ;
#918 = CARTESIAN_POINT ( 'NONE',  ( 0.8999999999999785949, 0.000000000000000000, -52.49999999999999289 ) ) ;
#919 = EDGE_LOOP ( 'NONE', ( #1670, #1304 ) ) ;
#920 = CARTESIAN_POINT ( 'NONE',  ( 2.719238019338703349, -0.7600035429528438913, -54.98486053304584686 ) ) ;
#921 = EDGE_LOOP ( 'NONE', ( #1689, #643, #672, #1620 ) ) ;
#922 = PLANE ( 'NONE',  #1730 ) ;
#923 = AXIS2_PLACEMENT_3D ( 'NONE', #2227, #2055, #1243 ) ;
#924 = ADVANCED_FACE ( 'NONE', ( #2164 ), #2394, .F. ) ;
#925 = DIRECTION ( 'NONE',  ( -0.000000000000000000, 1.000000000000000000, -0.000000000000000000 ) ) ;
#926 = DIRECTION ( 'NONE',  ( 0.000000000000000000, -0.000000000000000000, 1.000000000000000000 ) ) ;
#927 = VERTEX_POINT ( 'NONE', #1421 ) ;
#928 = CARTESIAN_POINT ( 'NONE',  ( 5.588819618879325546, -1.289805707720774519, -50.94925700374238886 ) ) ;
#929 = DIRECTION ( 'NONE',  ( 0.000000000000000000, 1.000000000000000000, 0.000000000000000000 ) ) ;
#930 = DIRECTION ( 'NONE',  ( -0.000000000000000000, 1.000000000000000000, -0.000000000000000000 ) ) ;
#931 =( BOUNDED_SURFACE ( )  B_SPLINE_SURFACE ( 3, 2, ( 
 ( #1614, #447, #231 ),
 ( #1194, #837, #2145 ),
 ( #647, #1972, #635 ),
 ( #2172, #1414, #38 ),
 ( #263, #806, #1016 ),
 ( #1800, #406, #434 ),
 ( #1624, #2388, #1428 ),
 ( #461, #1239, #310 ),
 ( #1082, #131, #1697 ),
 ( #942, #1476, #2296 ),
 ( #359, #2459, #1306 ),
 ( #346, #1721, #2244 ),
 ( #1128, #333, #2258 ),
 ( #521, #1092, #918 ) ),
 .UNSPECIFIED., .F., .F., .F. ) 
 B_SPLINE_SURFACE_WITH_KNOTS ( ( 4, 2, 2, 2, 2, 2, 4 ),
 ( 3, 3 ),
 ( 0.002973285040536149948, 0.003544413361114612769, 0.004115541681693075590, 0.004686670002271538411, 0.005257798322850001232, 0.006400054964006926875, 0.007542311605163853384 ),
 ( 0.000000000000000000, 1.000000000000000000 ),
 .UNSPECIFIED. ) 
 GEOMETRIC_REPRESENTATION_ITEM ( )  RATIONAL_B_SPLINE_SURFACE ( (
 ( 1.000000000000000000, 0.7071067811865473507, 1.000000000000000000),
 ( 1.000000000000000000, 0.7251453875736202370, 1.000000000000000000),
 ( 1.000000000000000000, 0.7444087956979941190, 1.000000000000000000),
 ( 1.000000000000000000, 0.7832676724476497210, 1.000000000000000000),
 ( 1.000000000000000000, 0.8029945521949966025, 1.000000000000000000),
 ( 1.000000000000000000, 0.8401162057684674611, 1.000000000000000000),
 ( 1.000000000000000000, 0.8576727228367636569, 1.000000000000000000),
 ( 1.000000000000000000, 0.8902336177218178603, 1.000000000000000000),
 ( 1.000000000000000000, 0.9053228321708582937, 1.000000000000000000),
 ( 1.000000000000000000, 0.9456049795080272435, 1.000000000000000000),
 ( 1.000000000000000000, 0.9657934750428243120, 1.000000000000000000),
 ( 1.000000000000000000, 0.9930227109437996802, 1.000000000000000000),
 ( 1.000000000000000000, 1.000031018183638487, 1.000000000000000000),
 ( 1.000000000000000000, 1.000000000000000000, 1.000000000000000000) ) ) 
 REPRESENTATION_ITEM ( '' )  SURFACE ( )  );
#932 = ORIENTED_EDGE ( 'NONE', *, *, #669, .F. ) ;
#933 = CARTESIAN_POINT ( 'NONE',  ( 2.174694682122813028, -1.188888765270898648E-10, -54.96352959728518073 ) ) ;
#934 = EDGE_LOOP ( 'NONE', ( #2397, #2038, #2118, #2179 ) ) ;
#935 = CARTESIAN_POINT ( 'NONE',  ( 3.499999999999989342, -1.800000000000000044, -48.09999999999997300 ) ) ;
#936 = VECTOR ( 'NONE', #187, 1000.000000000000000 ) ;
#937 = DIRECTION ( 'NONE',  ( 0.000000000000000000, 1.000000000000000000, 0.000000000000000000 ) ) ;
#938 = VECTOR ( 'NONE', #1112, 1000.000000000000000 ) ;
#939 = EDGE_CURVE ( 'NONE', #2031, #372, #2003, .T. ) ;
#940 = VECTOR ( 'NONE', #357, 1000.000000000000000 ) ;
#941 = VERTEX_POINT ( 'NONE', #640 ) ;
#942 = CARTESIAN_POINT ( 'NONE',  ( 1.066376769126805790, -0.9926780361345364234, -51.56306417273329146 ) ) ;
#943 = AXIS2_PLACEMENT_3D ( 'NONE', #1830, #2213, #1241 ) ;
#944 = EDGE_CURVE ( 'NONE', #1377, #1255, #1851, .T. ) ;
#945 = VERTEX_POINT ( 'NONE', #1806 ) ;
#946 = VECTOR ( 'NONE', #2090, 1000.000000000000000 ) ;
#947 = CARTESIAN_POINT ( 'NONE',  ( 5.975411972161715823, -1.119791516868299919, -53.30857337828996378 ) ) ;
#948 = VERTEX_POINT ( 'NONE', #2029 ) ;
#949 = CARTESIAN_POINT ( 'NONE',  ( 1.899999999999979483, 0.000000000000000000, -48.90621606661920850 ) ) ;
#950 = CARTESIAN_POINT ( 'NONE',  ( 0.9180942363415157681, -0.1265143589137268099, -52.81683519196438681 ) ) ;
#951 = CARTESIAN_POINT ( 'NONE',  ( 65.50000000000001421, 0.000000000000000000, -2.597128861176699348E-13 ) ) ;
#952 = ORIENTED_EDGE ( 'NONE', *, *, #129, .F. ) ;
#953 = CARTESIAN_POINT ( 'NONE',  ( 2.140624289489537535, -0.8201546414816339725, -54.72201037485680786 ) ) ;
#954 = CARTESIAN_POINT ( 'NONE',  ( 12.49999999999999289, 1.800000000000000044, -4.499999999999990230 ) ) ;
#955 = ORIENTED_EDGE ( 'NONE', *, *, #2478, .F. ) ;
#956 = EDGE_CURVE ( 'NONE', #2379, #121, #268, .T. ) ;
#957 = CARTESIAN_POINT ( 'NONE',  ( 5.487222135006095236, -0.5000680738933336311, -54.18232043458749558 ) ) ;
#958 = VERTEX_POINT ( 'NONE', #2215 ) ;
#959 = DIRECTION ( 'NONE',  ( -1.000000000000000000, 0.000000000000000000, -0.000000000000000000 ) ) ;
#960 = LINE ( 'NONE', #2335, #510 ) ;
#961 = CARTESIAN_POINT ( 'NONE',  ( 6.430408574816263823, -2.168404344971008868E-16, -49.75170615961143739 ) ) ;
#962 = CARTESIAN_POINT ( 'NONE',  ( 52.49999999999999289, 1.800000000000000044, -44.49999999999999289 ) ) ;
#963 = CARTESIAN_POINT ( 'NONE',  ( 63.00000000000000000, -0.2921134470680645245, -6.999999999999998224 ) ) ;
#964 = CARTESIAN_POINT ( 'NONE',  ( 0.8999999999999791500, 1.800000000000000044, -52.89903837262234276 ) ) ;
#965 = EDGE_LOOP ( 'NONE', ( #2012, #1160, #1909, #2051 ) ) ;
#966 = VERTEX_POINT ( 'NONE', #2382 ) ;
#967 = CARTESIAN_POINT ( 'NONE',  ( 6.161796900347172645, -2.458413188428266814E-10, -53.92990065564105606 ) ) ;
#968 = EDGE_CURVE ( 'NONE', #1411, #1044, #306, .T. ) ;
#969 = EDGE_LOOP ( 'NONE', ( #144, #874, #2170, #2168, #393, #1918, #168, #883 ) ) ;
#970 = LINE ( 'NONE', #383, #977 ) ;
#971 = CARTESIAN_POINT ( 'NONE',  ( 3.499999999999996003, -5.700000000000000178, -0.8999999999999854783 ) ) ;
#972 = EDGE_CURVE ( 'NONE', #768, #1684, #2366, .T. ) ;
#973 = CARTESIAN_POINT ( 'NONE',  ( 32.49999999999999289, 0.000000000000000000, -46.99999999999998579 ) ) ;
#974 = LINE ( 'NONE', #1209, #2075 ) ;
#975 = CARTESIAN_POINT ( 'NONE',  ( 6.089285717798174957, -1.021795880857159444, -52.73579540200434224 ) ) ;
#976 = ORIENTED_EDGE ( 'NONE', *, *, #315, .T. ) ;
#977 = VECTOR ( 'NONE', #244, 1000.000000000000000 ) ;
#978 = VECTOR ( 'NONE', #1629, 1000.000000000000000 ) ;
#979 = CARTESIAN_POINT ( 'NONE',  ( 1.100343785344074732, -0.5409173244325657937, -0.8664339507037321919 ) ) ;
#980 = CARTESIAN_POINT ( 'NONE',  ( 52.49999999999999289, 1.800000000000000044, -45.94999999999998863 ) ) ;
#981 = VERTEX_POINT ( 'NONE', #1039 ) ;
#982 = LINE ( 'NONE', #2142, #1805 ) ;
#983 = VECTOR ( 'NONE', #629, 1000.000000000000000 ) ;
#984 = AXIS2_PLACEMENT_3D ( 'NONE', #949, #1338, #1543 ) ;
#985 = ORIENTED_EDGE ( 'NONE', *, *, #1, .T. ) ;
#986 = CARTESIAN_POINT ( 'NONE',  ( 63.87555561407823035, 0.000000000000000000, -0.1583334211173125505 ) ) ;
#987 = EDGE_CURVE ( 'NONE', #662, #981, #547, .T. ) ;
#988 = CARTESIAN_POINT ( 'NONE',  ( 61.49999999999999289, -0.6000000000000176303, 1.387778780781445676E-14 ) ) ;
#989 = DIRECTION ( 'NONE',  ( 0.07659035182098304639, -0.5355174474740295176, -0.8410439830703495545 ) ) ;
#990 = EDGE_CURVE ( 'NONE', #948, #1377, #467, .T. ) ;
#991 = EDGE_CURVE ( 'NONE', #121, #2379, #1237, .T. ) ;
#992 = FACE_OUTER_BOUND ( 'NONE', #1496, .T. ) ;
#993 = DIRECTION ( 'NONE',  ( 0.000000000000000000, 0.000000000000000000, -1.000000000000000000 ) ) ;
#994 = B_SPLINE_CURVE_WITH_KNOTS ( 'NONE', 3,
 ( #688, #875, #1060, #862, #899, #149, #1457, #1110, #338, #1653, #1890, #1662, #1278, #911, #699, #2224 ),
 .UNSPECIFIED., .F., .F.,
 ( 4, 2, 2, 2, 2, 2, 2, 4 ),
 ( 0.000000000000000000, 0.0004948349402821961658, 0.0009896698805643923316, 0.001484504820846587738, 0.001979339761128783362, 0.002969009641693172441, 0.003463844581975366113, 0.003958679522257559785 ),
 .UNSPECIFIED. ) ;
#995 = CYLINDRICAL_SURFACE ( 'NONE', #2200, 2.600000000000010747 ) ;
#996 = CARTESIAN_POINT ( 'NONE',  ( 1.731675688466386420, -0.4820117072792764468, -0.3392657208705237015 ) ) ;
#997 = PRODUCT_DEFINITION_CONTEXT ( 'detailed design', #2015, 'design' ) ;
#998 = ORIENTED_EDGE ( 'NONE', *, *, #1735, .T. ) ;
#999 = CARTESIAN_POINT ( 'NONE',  ( 4.925698677078437449, -1.070748494937505901, -54.67916275496980205 ) ) ;
#1000 = ORIENTED_EDGE ( 'NONE', *, *, #756, .T. ) ;
#1001 = CARTESIAN_POINT ( 'NONE',  ( 6.399999999999979927, 1.800000000000000044, -52.89903837262234276 ) ) ;
#1002 = PLANE ( 'NONE',  #705 ) ;
#1003 = CARTESIAN_POINT ( 'NONE',  ( 5.579074339819686479, -1.698432745340130889, -50.93876217543218132 ) ) ;
#1004 = CARTESIAN_POINT ( 'NONE',  ( 59.50000000000000000, -0.06887112585074808835, -6.999999999999998224 ) ) ;
#1005 = CARTESIAN_POINT ( 'NONE',  ( 59.37012703010194770, 0.000000000000000000, -7.003375676700663632 ) ) ;
#1006 = EDGE_CURVE ( 'NONE', #2494, #1259, #1562, .T. ) ;
#1007 = PRODUCT_DEFINITION_FORMATION_WITH_SPECIFIED_SOURCE ( 'ANY', '', #118, .NOT_KNOWN. ) ;
#1008 = CARTESIAN_POINT ( 'NONE',  ( 6.475024021827891829, 0.000000000000000000, -49.56095759213404506 ) ) ;
#1009 = DIRECTION ( 'NONE',  ( 0.000000000000000000, 0.000000000000000000, 1.000000000000000000 ) ) ;
#1010 = CARTESIAN_POINT ( 'NONE',  ( 5.639547917026626500, -1.649389495743511791, -51.02272727272608677 ) ) ;
#1011 = ORIENTED_EDGE ( 'NONE', *, *, #2506, .T. ) ;
#1012 = DIRECTION ( 'NONE',  ( -0.000000000000000000, -1.000000000000000000, -0.000000000000000000 ) ) ;
#1013 = ORIENTED_EDGE ( 'NONE', *, *, #722, .T. ) ;
#1014 = CIRCLE ( 'NONE', #852, 1.000000000000000888 ) ;
#1015 = FACE_BOUND ( 'NONE', #1796, .T. ) ;
#1016 = CARTESIAN_POINT ( 'NONE',  ( 0.8999999999999793721, 4.646038033476371334E-17, -49.58156934665424131 ) ) ;
#1017 = CARTESIAN_POINT ( 'NONE',  ( 5.509380851098982568, -1.750089719669775778, -50.85000080519233023 ) ) ;
#1018 = CARTESIAN_POINT ( 'NONE',  ( 1.963636363636344528, -1.800000000000000044, -50.40248080417375576 ) ) ;
#1019 = CARTESIAN_POINT ( 'NONE',  ( 0.000000000000000000, 1.800000000000000044, -48.99999999999998579 ) ) ;
#1020 = CIRCLE ( 'NONE', #94, 2.600000000000010303 ) ;
#1021 = CARTESIAN_POINT ( 'NONE',  ( 61.49999999999999289, -5.700000000000000178, -3.499999999999996003 ) ) ;
#1022 = DIRECTION ( 'NONE',  ( 0.000000000000000000, 0.000000000000000000, -1.000000000000000000 ) ) ;
#1023 = CARTESIAN_POINT ( 'NONE',  ( 3.500000000000022649, -0.6000000000003800071, -7.000000000000006217 ) ) ;
#1024 = FACE_OUTER_BOUND ( 'NONE', #495, .T. ) ;
#1025 = ADVANCED_FACE ( 'NONE', ( #1878 ), #2226, .F. ) ;
#1026 = ORIENTED_EDGE ( 'NONE', *, *, #1780, .F. ) ;
#1027 = LINE ( 'NONE', #1042, #940 ) ;
#1028 = EDGE_CURVE ( 'NONE', #1724, #257, #178, .T. ) ;
#1029 = CIRCLE ( 'NONE', #11, 1.249999999999990674 ) ;
#1030 = ORIENTED_EDGE ( 'NONE', *, *, #1480, .F. ) ;
#1031 = AXIS2_PLACEMENT_3D ( 'NONE', #209, #790, #2125 ) ;
#1032 = FACE_BOUND ( 'NONE', #1272, .T. ) ;
#1033 = DIRECTION ( 'NONE',  ( 0.000000000000000000, -1.000000000000000000, 0.000000000000000000 ) ) ;
#1034 = VECTOR ( 'NONE', #1401, 1000.000000000000000 ) ;
#1035 = EDGE_LOOP ( 'NONE', ( #156, #1456 ) ) ;
#1036 = VECTOR ( 'NONE', #2096, 1000.000000000000000 ) ;
#1037 = DIRECTION ( 'NONE',  ( 0.000000000000000000, 0.000000000000000000, -1.000000000000000000 ) ) ;
#1038 = CARTESIAN_POINT ( 'NONE',  ( 65.50000000000000000, 1.800000000000000044, -4.500000000000007994 ) ) ;
#1039 = CARTESIAN_POINT ( 'NONE',  ( 61.49999999999999289, 1.800000000000000044, -2.250000000000005329 ) ) ;
#1040 = DIRECTION ( 'NONE',  ( 0.000000000000000000, 1.000000000000000000, -0.000000000000000000 ) ) ;
#1041 = ORIENTED_EDGE ( 'NONE', *, *, #13, .T. ) ;
#1042 = CARTESIAN_POINT ( 'NONE',  ( 65.50000000000001421, 0.000000000000000000, -2.597128861176699348E-13 ) ) ;
#1043 = EDGE_CURVE ( 'NONE', #1531, #2058, #1470, .T. ) ;
#1044 = VERTEX_POINT ( 'NONE', #528 ) ;
#1045 = LINE ( 'NONE', #80, #1647 ) ;
#1046 = ORIENTED_EDGE ( 'NONE', *, *, #817, .T. ) ;
#1047 = PLANE ( 'NONE',  #1353 ) ;
#1048 = B_SPLINE_CURVE_WITH_KNOTS ( 'NONE', 3,
 ( #915, #1939, #2113, #151, #1537, #1341, #2092, #1706 ),
 .UNSPECIFIED., .F., .F.,
 ( 4, 2, 2, 4 ),
 ( 0.000000000000000000, 0.001035608178198225851, 0.001553412267297337584, 0.002071216356396450402 ),
 .UNSPECIFIED. ) ;
#1049 = CARTESIAN_POINT ( 'NONE',  ( 3.499999999999989342, -5.700000000000000178, -52.49999999999999289 ) ) ;
#1050 = CARTESIAN_POINT ( 'NONE',  ( 3.500000000000218492, -0.5888374497166688482, -55.10000000000000142 ) ) ;
#1051 = CARTESIAN_POINT ( 'NONE',  ( 5.553124769573082986, -1.724838886681558492, -50.90283892762057860 ) ) ;
#1052 = VERTEX_POINT ( 'NONE', #1124 ) ;
#1053 = CARTESIAN_POINT ( 'NONE',  ( 6.017440484119688016, -0.4878648935100599049, -51.80547774277427919 ) ) ;
#1054 = AXIS2_PLACEMENT_3D ( 'NONE', #2492, #926, #1716 ) ;
#1055 = EDGE_LOOP ( 'NONE', ( #10, #907, #513, #2024 ) ) ;
#1056 = CARTESIAN_POINT ( 'NONE',  ( 1.228777171052857442, -0.3431196932565022673, -53.77502246084053894 ) ) ;
#1057 = VECTOR ( 'NONE', #2440, 1000.000000000000000 ) ;
#1058 = EDGE_CURVE ( 'NONE', #1773, #1371, #582, .T. ) ;
#1059 = ORIENTED_EDGE ( 'NONE', *, *, #1261, .T. ) ;
#1060 = CARTESIAN_POINT ( 'NONE',  ( 2.670892465873706101, -0.5227547986743767972, -6.983697061399672279 ) ) ;
#1061 = ADVANCED_FACE ( 'NONE', ( #150, #2237 ), #1265, .T. ) ;
#1062 = CARTESIAN_POINT ( 'NONE',  ( 12.49999999999999112, 1.800000000000000044, -43.04999999999999005 ) ) ;
#1063 = DIRECTION ( 'NONE',  ( 0.000000000000000000, -1.000000000000000000, 0.000000000000000000 ) ) ;
#1064 = CYLINDRICAL_SURFACE ( 'NONE', #567, 2.500000000000002220 ) ;
#1065 = CARTESIAN_POINT ( 'NONE',  ( 5.337580670050317444, -1.800000000000000044, -50.66062584527848855 ) ) ;
#1066 = EDGE_LOOP ( 'NONE', ( #2026, #69, #820 ) ) ;
#1067 = CARTESIAN_POINT ( 'NONE',  ( 6.076226105764209073, -1.053847869719356511, -52.87920391053388158 ) ) ;
#1068 = ORIENTED_EDGE ( 'NONE', *, *, #606, .F. ) ;
#1069 = DIRECTION ( 'NONE',  ( -3.965082230804119570E-15, 0.000000000000000000, -1.000000000000000000 ) ) ;
#1070 = AXIS2_PLACEMENT_3D ( 'NONE', #2352, #2001, #479 ) ;
#1071 = AXIS2_PLACEMENT_3D ( 'NONE', #308, #1081, #1896 ) ;
#1072 = EDGE_LOOP ( 'NONE', ( #1661, #2185, #243, #757, #1454 ) ) ;
#1073 = CARTESIAN_POINT ( 'NONE',  ( 61.49999999999999289, -5.700000000000000178, -6.100000000000006750 ) ) ;
#1074 = CIRCLE ( 'NONE', #1279, 1.449999999999999956 ) ;
#1075 = AXIS2_PLACEMENT_3D ( 'NONE', #1901, #1935, #1329 ) ;
#1076 = ADVANCED_FACE ( 'NONE', ( #2041 ), #2091, .F. ) ;
#1077 = DIRECTION ( 'NONE',  ( 0.000000000000000000, 1.000000000000000000, -0.000000000000000000 ) ) ;
#1078 = DIRECTION ( 'NONE',  ( -0.000000000000000000, -1.000000000000000000, -0.000000000000000000 ) ) ;
#1079 = CARTESIAN_POINT ( 'NONE',  ( 63.58753998500693427, -0.07910575679373724189, -0.05064358036467374313 ) ) ;
#1080 = ORIENTED_EDGE ( 'NONE', *, *, #817, .F. ) ;
#1081 = DIRECTION ( 'NONE',  ( 0.000000000000000000, 1.000000000000000000, -0.000000000000000000 ) ) ;
#1082 = CARTESIAN_POINT ( 'NONE',  ( 1.196010889356533546, -1.251085100373520387, -51.29098102926305103 ) ) ;
#1083 = ORIENTED_EDGE ( 'NONE', *, *, #1589, .T. ) ;
#1084 = DIRECTION ( 'NONE',  ( 0.000000000000000000, -1.000000000000000000, 0.000000000000000000 ) ) ;
#1085 = ORIENTED_EDGE ( 'NONE', *, *, #944, .T. ) ;
#1086 = DIRECTION ( 'NONE',  ( -0.000000000000000000, -1.000000000000000000, -0.000000000000000000 ) ) ;
#1087 = CARTESIAN_POINT ( 'NONE',  ( 7.881868137812331199, -1.021795880857108152, -52.89903837262234987 ) ) ;
#1088 = CARTESIAN_POINT ( 'NONE',  ( 65.50000000000000000, 0.000000000000000000, -2.499999999999996003 ) ) ;
#1089 = EDGE_CURVE ( 'NONE', #1298, #2488, #354, .T. ) ;
#1090 = EDGE_LOOP ( 'NONE', ( #2331, #2479, #1426, #2497, #311 ) ) ;
#1091 = PLANE ( 'NONE',  #1071 ) ;
#1092 = CARTESIAN_POINT ( 'NONE',  ( 0.8999999999999785949, 0.000000000000000000, -52.49999999999999289 ) ) ;
#1093 = ADVANCED_FACE ( 'NONE', ( #1858, #1664 ), #2064, .T. ) ;
#1094 = ORIENTED_EDGE ( 'NONE', *, *, #838, .F. ) ;
#1095 = CARTESIAN_POINT ( 'NONE',  ( 63.29509908837642485, -0.1758682211634702841, -6.999999999999999112 ) ) ;
#1096 = ORIENTED_EDGE ( 'NONE', *, *, #1671, .T. ) ;
#1097 = DIRECTION ( 'NONE',  ( 0.000000000000000000, 0.000000000000000000, 1.000000000000000000 ) ) ;
#1098 = FACE_OUTER_BOUND ( 'NONE', #2442, .T. ) ;
#1099 = CARTESIAN_POINT ( 'NONE',  ( 3.499999999999996447, -5.700000000000000178, -6.100000000000006750 ) ) ;
#1100 = CARTESIAN_POINT ( 'NONE',  ( 7.999999999999991118, 0.000000000000000000, -8.496604780294556305E-16 ) ) ;
#1101 = EDGE_LOOP ( 'NONE', ( #578, #1173, #754, #1860, #2261 ) ) ;
#1102 = ADVANCED_FACE ( 'NONE', ( #724 ), #317, .F. ) ;
#1103 = CARTESIAN_POINT ( 'NONE',  ( 0.9107142822032617824, -0.2548449321805835166, -52.73579540202035076 ) ) ;
#1104 = CARTESIAN_POINT ( 'NONE',  ( 61.49999999999999289, -5.700000000000000178, -6.100000000000006750 ) ) ;
#1105 = ORIENTED_EDGE ( 'NONE', *, *, #1625, .T. ) ;
#1106 = EDGE_CURVE ( 'NONE', #718, #1285, #2088, .T. ) ;
#1107 = EDGE_CURVE ( 'NONE', #105, #1285, #1757, .T. ) ;
#1108 = CARTESIAN_POINT ( 'NONE',  ( 2.293219768985556239, -0.8105602988346162219, -54.80810381456458202 ) ) ;
#1109 = ORIENTED_EDGE ( 'NONE', *, *, #374, .F. ) ;
#1110 = CARTESIAN_POINT ( 'NONE',  ( 1.461978221546398338, -0.4953060968863358116, -6.477875671177327099 ) ) ;
#1111 = CIRCLE ( 'NONE', #298, 1.250000000000000222 ) ;
#1112 = DIRECTION ( 'NONE',  ( -0.000000000000000000, 1.000000000000000000, -0.000000000000000000 ) ) ;
#1113 = CIRCLE ( 'NONE', #821, 22.50000000000000355 ) ;
#1114 = CARTESIAN_POINT ( 'NONE',  ( 62.01023633634720511, -0.5715980630813740637, 1.387778780781445676E-14 ) ) ;
#1115 = LINE ( 'NONE', #2467, #761 ) ;
#1116 = CIRCLE ( 'NONE', #466, 2.300000000000003375 ) ;
#1117 = EDGE_LOOP ( 'NONE', ( #92, #656, #1233, #2372, #1096 ) ) ;
#1118 = CARTESIAN_POINT ( 'NONE',  ( 6.128856316403432203, -0.1184881768000595609, -50.22296501086336207 ) ) ;
#1119 = VERTEX_POINT ( 'NONE', #1765 ) ;
#1120 = FACE_OUTER_BOUND ( 'NONE', #1645, .T. ) ;
#1121 = EDGE_CURVE ( 'NONE', #1240, #692, #420, .T. ) ;
#1122 = ORIENTED_EDGE ( 'NONE', *, *, #802, .T. ) ;
#1123 = LINE ( 'NONE', #2489, #182 ) ;
#1124 = CARTESIAN_POINT ( 'NONE',  ( 59.50000000000000000, 1.800000000000000044, -6.999999999999998224 ) ) ;
#1125 = DIRECTION ( 'NONE',  ( 1.000000000000000000, 0.000000000000000000, 0.000000000000000000 ) ) ;
#1126 = ORIENTED_EDGE ( 'NONE', *, *, #1106, .F. ) ;
#1127 = CARTESIAN_POINT ( 'NONE',  ( 12.49999999999999112, 1.800000000000000044, -44.49999999999999289 ) ) ;
#1128 = CARTESIAN_POINT ( 'NONE',  ( 0.8999999999999785949, -0.2055815808670246603, -52.31006917925331123 ) ) ;
#1129 = ORIENTED_EDGE ( 'NONE', *, *, #116, .T. ) ;
#1130 = CARTESIAN_POINT ( 'NONE',  ( 1.781788075960000217, -0.8219601830854167401, -54.45742992494524515 ) ) ;
#1131 = ORIENTED_EDGE ( 'NONE', *, *, #2085, .F. ) ;
#1132 = ADVANCED_FACE ( 'NONE', ( #1142 ), #183, .T. ) ;
#1133 = FACE_OUTER_BOUND ( 'NONE', #1451, .T. ) ;
#1134 = CARTESIAN_POINT ( 'NONE',  ( 0.000000000000000000, 0.000000000000000000, 0.000000000000000000 ) ) ;
#1135 = CARTESIAN_POINT ( 'NONE',  ( 65.50000000000001421, 1.800000000000000044, -2.597128861176699348E-13 ) ) ;
#1136 = CARTESIAN_POINT ( 'NONE',  ( 12.49999999999999112, 0.000000000000000000, -44.49999999999999289 ) ) ;
#1137 = ORIENTED_EDGE ( 'NONE', *, *, #2267, .T. ) ;
#1138 = AXIS2_PLACEMENT_3D ( 'NONE', #234, #195, #1403 ) ;
#1139 = CARTESIAN_POINT ( 'NONE',  ( 6.399999999999979927, 1.800000000000000044, -49.99999999999998579 ) ) ;
#1140 = ORIENTED_EDGE ( 'NONE', *, *, #1612, .F. ) ;
#1141 = CARTESIAN_POINT ( 'NONE',  ( 0.8999999999999791500, 1.800000000000000044, -52.89903837262234276 ) ) ;
#1142 = FACE_OUTER_BOUND ( 'NONE', #2181, .T. ) ;
#1143 = AXIS2_PLACEMENT_3D ( 'NONE', #1406, #253, #2406 ) ;
#1144 = EDGE_CURVE ( 'NONE', #1320, #631, #1113, .T. ) ;
#1145 = EDGE_CURVE ( 'NONE', #1900, #720, #15, .T. ) ;
#1146 = AXIS2_PLACEMENT_3D ( 'NONE', #464, #438, #1432 ) ;
#1147 = CARTESIAN_POINT ( 'NONE',  ( 63.00000000000000000, 1.800000000000000044, -2.499999999999986233 ) ) ;
#1148 = DIRECTION ( 'NONE',  ( 0.000000000000000000, 0.000000000000000000, 1.000000000000000000 ) ) ;
#1149 = AXIS2_PLACEMENT_3D ( 'NONE', #30, #267, #1585 ) ;
#1150 = ORIENTED_EDGE ( 'NONE', *, *, #1553, .T. ) ;
#1151 = VECTOR ( 'NONE', #454, 1000.000000000000000 ) ;
#1152 = CARTESIAN_POINT ( 'NONE',  ( 4.376559643489116525, 5.184349401257387122E-10, -55.18683384444199191 ) ) ;
#1153 = VERTEX_POINT ( 'NONE', #4 ) ;
#1154 = FACE_BOUND ( 'NONE', #2230, .T. ) ;
#1155 = CARTESIAN_POINT ( 'NONE',  ( 3.499999999999996003, -1.500000000000026423, -3.499999999999996003 ) ) ;
#1156 = CARTESIAN_POINT ( 'NONE',  ( 65.50000000000001421, -0.06515394400766910676, -2.896812411590437453 ) ) ;
#1157 = LINE ( 'NONE', #1413, #50 ) ;
#1158 = CARTESIAN_POINT ( 'NONE',  ( 0.9000000000010923706, -0.04257930614105953637, -52.60590940195740473 ) ) ;
#1159 = APPLICATION_PROTOCOL_DEFINITION ( 'draft international standard', 'automotive_design', 1998, #2184 ) ;
#1160 = ORIENTED_EDGE ( 'NONE', *, *, #334, .T. ) ;
#1161 = CARTESIAN_POINT ( 'NONE',  ( 3.322727272727239445, -0.6176225609647878478, -55.09394957163112849 ) ) ;
#1162 = ADVANCED_FACE ( 'NONE', ( #1574, #555, #223, #1526, #1330, #600 ), #367, .F. ) ;
#1163 = ORIENTED_EDGE ( 'NONE', *, *, #2233, .T. ) ;
#1164 = CARTESIAN_POINT ( 'NONE',  ( 4.492877604504164069, -0.4296366052604509433, -54.90859940291766605 ) ) ;
#1165 = ORIENTED_EDGE ( 'NONE', *, *, #1106, .T. ) ;
#1166 = FACE_OUTER_BOUND ( 'NONE', #1072, .T. ) ;
#1167 = CARTESIAN_POINT ( 'NONE',  ( 4.250136761719406131, -0.5366287333525777692, 1.387778780781445991E-14 ) ) ;
#1168 = CARTESIAN_POINT ( 'NONE',  ( 6.399999999999979039, -2.168404344971008868E-16, -49.99999999999391775 ) ) ;
#1169 = CARTESIAN_POINT ( 'NONE',  ( 3.499999999999989786, -5.700000000000000178, -55.10000000000000142 ) ) ;
#1170 = CARTESIAN_POINT ( 'NONE',  ( 0.9107142822032617824, -0.2548449321805835166, -52.73579540202035076 ) ) ;
#1171 = CARTESIAN_POINT ( 'NONE',  ( 3.499999999999989342, -5.700000000000000178, -52.49999999999999289 ) ) ;
#1172 = CARTESIAN_POINT ( 'NONE',  ( 4.099999999999978328, 1.800000000000000044, -52.89903837262235697 ) ) ;
#1173 = ORIENTED_EDGE ( 'NONE', *, *, #1121, .T. ) ;
#1174 = CARTESIAN_POINT ( 'NONE',  ( 5.475186652984085356, -1.150269238773252933, -54.19704887827577977 ) ) ;
#1175 = EDGE_CURVE ( 'NONE', #391, #1551, #2445, .T. ) ;
#1176 = ADVANCED_FACE ( 'NONE', ( #1350 ), #220, .T. ) ;
#1177 = ORIENTED_EDGE ( 'NONE', *, *, #188, .F. ) ;
#1178 = DIRECTION ( 'NONE',  ( 0.000000000000000000, 1.000000000000000000, -0.000000000000000000 ) ) ;
#1179 = CARTESIAN_POINT ( 'NONE',  ( 5.337580670050322773, -1.951563910473907981E-15, -50.66062584527850277 ) ) ;
#1180 = CARTESIAN_POINT ( 'NONE',  ( 61.49999999999999289, -1.500000000000026423, -6.100000000000006750 ) ) ;
#1181 = DIRECTION ( 'NONE',  ( 0.000000000000000000, 0.000000000000000000, 1.000000000000000000 ) ) ;
#1182 = CARTESIAN_POINT ( 'NONE',  ( 0.9035520142439101843, -0.1700969329277607633, -52.65714603915503744 ) ) ;
#1183 = ORIENTED_EDGE ( 'NONE', *, *, #1883, .F. ) ;
#1184 = AXIS2_PLACEMENT_3D ( 'NONE', #192, #1785, #12 ) ;
#1185 = CARTESIAN_POINT ( 'NONE',  ( 2.279660391161553168, -0.8116719660666668057, -54.80115968011045879 ) ) ;
#1186 = CARTESIAN_POINT ( 'NONE',  ( 6.399999999999979039, -2.168404344971008868E-16, -49.99999999999391775 ) ) ;
#1187 = AXIS2_PLACEMENT_3D ( 'NONE', #1400, #796, #959 ) ;
#1188 = ORIENTED_EDGE ( 'NONE', *, *, #1058, .T. ) ;
#1189 = CARTESIAN_POINT ( 'NONE',  ( 4.801896275410074466, -1.043899227894351744, -54.75526054430613243 ) ) ;
#1190 = AXIS2_PLACEMENT_3D ( 'NONE', #576, #1912, #1924 ) ;
#1191 = CIRCLE ( 'NONE', #2249, 2.600000000000010747 ) ;
#1192 = ORIENTED_EDGE ( 'NONE', *, *, #834, .F. ) ;
#1193 = CARTESIAN_POINT ( 'NONE',  ( 52.49999999999999289, 1.800000000000000044, -44.49999999999999289 ) ) ;
#1194 = CARTESIAN_POINT ( 'NONE',  ( 1.871892820186646711, -1.799999983488696165, -50.46967992411875770 ) ) ;
#1195 = ADVANCED_FACE ( 'NONE', ( #2491 ), #675, .F. ) ;
#1196 = DIRECTION ( 'NONE',  ( 0.000000000000000000, 0.000000000000000000, -1.000000000000000000 ) ) ;
#1197 = DIRECTION ( 'NONE',  ( -1.000000000000000000, 0.000000000000000000, -0.000000000000000000 ) ) ;
#1198 = DIRECTION ( 'NONE',  ( -0.000000000000000000, -1.000000000000000000, -0.000000000000000000 ) ) ;
#1199 = CARTESIAN_POINT ( 'NONE',  ( 12.49999999999999289, 0.000000000000000000, -5.949999999999990408 ) ) ;
#1200 = CARTESIAN_POINT ( 'NONE',  ( 59.50000000000000000, -0.06887112585074808835, -6.999999999999998224 ) ) ;
#1201 = UNCERTAINTY_MEASURE_WITH_UNIT (LENGTH_MEASURE( 1.000000000000000082E-05 ), #2039, 'distance_accuracy_value', 'NONE');
#1202 = ORIENTED_EDGE ( 'NONE', *, *, #1828, .F. ) ;
#1203 = CARTESIAN_POINT ( 'NONE',  ( 5.913851215571990672, -0.4954980498766185515, -53.47630852705280091 ) ) ;
#1204 = EDGE_LOOP ( 'NONE', ( #1083, #1262, #1221, #191 ) ) ;
#1205 = CARTESIAN_POINT ( 'NONE',  ( 5.499999999999990230, -0.06887112585074071924, -7.000000000000006217 ) ) ;
#1206 = CARTESIAN_POINT ( 'NONE',  ( 0.4999999999999917843, 1.800000000000000044, -4.500000000000005329 ) ) ;
#1207 = CARTESIAN_POINT ( 'NONE',  ( 5.514364991988775166, -1.746962924432979403, -50.85609360401538481 ) ) ;
#1208 = EDGE_CURVE ( 'NONE', #212, #1834, #91, .T. ) ;
#1209 = CARTESIAN_POINT ( 'NONE',  ( 0.000000000000000000, 1.800000000000000044, -6.999999999999998224 ) ) ;
#1210 = LINE ( 'NONE', #638, #1481 ) ;
#1211 =( BOUNDED_CURVE ( )  B_SPLINE_CURVE ( 2, ( #2347, #1179, #609 ),
 .UNSPECIFIED., .F., .F. ) 
 B_SPLINE_CURVE_WITH_KNOTS ( ( 3, 3 ),
 ( 0.000000000000000000, 1.000000000000000000 ),
 .UNSPECIFIED. ) 
 CURVE ( )  GEOMETRIC_REPRESENTATION_ITEM ( )  RATIONAL_B_SPLINE_CURVE ( ( 1.000000000000000000, 0.7071067811865477948, 1.000000000000000000 ) ) 
 REPRESENTATION_ITEM ( '' )  );
#1212 = AXIS2_PLACEMENT_3D ( 'NONE', #2078, #760, #1318 ) ;
#1213 = EDGE_CURVE ( 'NONE', #692, #1999, #59, .T. ) ;
#1214 = DIRECTION ( 'NONE',  ( -0.000000000000000000, -1.000000000000000000, 0.000000000000000000 ) ) ;
#1215 = CARTESIAN_POINT ( 'NONE',  ( 5.916925154897605843, -1.356424639066690752, -51.53105301993534937 ) ) ;
#1216 = DIRECTION ( 'NONE',  ( -0.000000000000000000, -1.000000000000000000, -0.000000000000000000 ) ) ;
#1217 = VECTOR ( 'NONE', #281, 1000.000000000000000 ) ;
#1218 = ORIENTED_EDGE ( 'NONE', *, *, #968, .F. ) ;
#1219 = CARTESIAN_POINT ( 'NONE',  ( 5.921980577348651131, -1.349234101966237498, -51.54303789745777209 ) ) ;
#1220 = CIRCLE ( 'NONE', #1950, 2.600000000000010747 ) ;
#1221 = ORIENTED_EDGE ( 'NONE', *, *, #2109, .F. ) ;
#1222 = CARTESIAN_POINT ( 'NONE',  ( 3.499999999999989342, 1.800000000000000044, -52.49999999999999289 ) ) ;
#1223 = CARTESIAN_POINT ( 'NONE',  ( 61.49999999999999289, 1.800000000000000044, -3.499999999999996003 ) ) ;
#1224 = EDGE_LOOP ( 'NONE', ( #765, #932, #123, #1068, #2272 ) ) ;
#1225 = DIRECTION ( 'NONE',  ( -1.000000000000000000, 0.000000000000000000, 2.991894644029227021E-16 ) ) ;
#1226 = DIRECTION ( 'NONE',  ( 0.000000000000000000, 1.000000000000000000, -0.000000000000000000 ) ) ;
#1227 = DIRECTION ( 'NONE',  ( 0.000000000000000000, 0.000000000000000000, -1.000000000000000000 ) ) ;
#1228 = DIRECTION ( 'NONE',  ( 0.000000000000000000, 0.000000000000000000, 1.000000000000000000 ) ) ;
#1229 = DIRECTION ( 'NONE',  ( 0.000000000000000000, 0.000000000000000000, -1.000000000000000000 ) ) ;
#1230 = CIRCLE ( 'NONE', #698, 1.449999999999999956 ) ;
#1231 = EDGE_CURVE ( 'NONE', #2231, #966, #1316, .T. ) ;
#1232 = VECTOR ( 'NONE', #1990, 1000.000000000000000 ) ;
#1233 = ORIENTED_EDGE ( 'NONE', *, *, #575, .F. ) ;
#1234 = CARTESIAN_POINT ( 'NONE',  ( 6.061695327959197854, -0.4696551716453209457, -51.99876749910379914 ) ) ;
#1235 = VECTOR ( 'NONE', #446, 1000.000000000000000 ) ;
#1236 = ORIENTED_EDGE ( 'NONE', *, *, #2085, .T. ) ;
#1237 = CIRCLE ( 'NONE', #1809, 1.250000000000001110 ) ;
#1238 = CARTESIAN_POINT ( 'NONE',  ( 1.044831462255592536, -0.2886961266111626734, -53.37023851903644101 ) ) ;
#1239 = CARTESIAN_POINT ( 'NONE',  ( 1.438787447748738346, -0.4945107654745659054, -50.86551552158902467 ) ) ;
#1240 = VERTEX_POINT ( 'NONE', #2199 ) ;
#1241 = DIRECTION ( 'NONE',  ( 0.000000000000000000, 0.000000000000000000, -1.000000000000000000 ) ) ;
#1242 = CARTESIAN_POINT ( 'NONE',  ( 54.49999999999998579, 1.800000000000000044, -48.99999999999998579 ) ) ;
#1243 = DIRECTION ( 'NONE',  ( 0.000000000000000000, 0.000000000000000000, 1.000000000000000000 ) ) ;
#1244 = CARTESIAN_POINT ( 'NONE',  ( 61.49999999999999289, -1.500000000000026423, -3.499999999999996003 ) ) ;
#1245 = ORIENTED_EDGE ( 'NONE', *, *, #1667, .T. ) ;
#1246 = ADVANCED_FACE ( 'NONE', ( #2351 ), #1789, .F. ) ;
#1247 = CARTESIAN_POINT ( 'NONE',  ( 5.798178561449629953, -1.509581028743310238, -51.27519728835643065 ) ) ;
#1248 = ORIENTED_EDGE ( 'NONE', *, *, #1498, .T. ) ;
#1249 = EDGE_CURVE ( 'NONE', #128, #872, #1074, .T. ) ;
#1250 = ORIENTED_EDGE ( 'NONE', *, *, #968, .T. ) ;
#1251 = CYLINDRICAL_SURFACE ( 'NONE', #17, 1.449999999999999956 ) ;
#1252 = CARTESIAN_POINT ( 'NONE',  ( 0.8999999999999789280, 0.000000000000000000, -52.49999999999999289 ) ) ;
#1253 = CARTESIAN_POINT ( 'NONE',  ( 3.499999999999996003, 1.800000000000000044, -3.499999999999996003 ) ) ;
#1254 = LINE ( 'NONE', #843, #1151 ) ;
#1255 = VERTEX_POINT ( 'NONE', #1404 ) ;
#1256 = CARTESIAN_POINT ( 'NONE',  ( 3.499999999999996003, 1.800000000000000044, -4.749999999999996447 ) ) ;
#1257 = AXIS2_PLACEMENT_3D ( 'NONE', #964, #2103, #1729 ) ;
#1258 = EDGE_CURVE ( 'NONE', #152, #720, #1210, .T. ) ;
#1259 = VERTEX_POINT ( 'NONE', #1817 ) ;
#1260 = CARTESIAN_POINT ( 'NONE',  ( 1.478624522364361482, -0.3735546700592075053, -54.14220616831203614 ) ) ;
#1261 = EDGE_CURVE ( 'NONE', #152, #1380, #1610, .T. ) ;
#1262 = ORIENTED_EDGE ( 'NONE', *, *, #652, .T. ) ;
#1263 = CARTESIAN_POINT ( 'NONE',  ( 5.629872969898027435, 0.000000000000000000, -7.003375676700671626 ) ) ;
#1264 = DIRECTION ( 'NONE',  ( -0.000000000000000000, 1.000000000000000000, -0.000000000000000000 ) ) ;
#1265 = PLANE ( 'NONE',  #2287 ) ;
#1266 = CARTESIAN_POINT ( 'NONE',  ( 2.999999999999992006, -0.5644660940672791005, 1.387778780781445676E-14 ) ) ;
#1267 = AXIS2_PLACEMENT_3D ( 'NONE', #249, #1948, #1196 ) ;
#1268 = ORIENTED_EDGE ( 'NONE', *, *, #2328, .T. ) ;
#1269 = AXIS2_PLACEMENT_3D ( 'NONE', #792, #240, #1228 ) ;
#1270 = CARTESIAN_POINT ( 'NONE',  ( 6.103586511664590653, -0.9866078881121409516, -52.42684015405075115 ) ) ;
#1271 = CIRCLE ( 'NONE', #1070, 2.600000000000012079 ) ;
#1272 = EDGE_LOOP ( 'NONE', ( #568, #2071 ) ) ;
#1273 = CARTESIAN_POINT ( 'NONE',  ( 1.024908733729623211, -0.5945692405181264295, -53.31028109681050609 ) ) ;
#1274 = AXIS2_PLACEMENT_3D ( 'NONE', #805, #2133, #1372 ) ;
#1275 = CIRCLE ( 'NONE', #1602, 2.600000000000010303 ) ;
#1276 = ORIENTED_EDGE ( 'NONE', *, *, #753, .T. ) ;
#1277 = ADVANCED_FACE ( 'NONE', ( #279 ), #1047, .T. ) ;
#1278 = CARTESIAN_POINT ( 'NONE',  ( 0.5759499522374760261, -0.7548235547976209769, -5.132153271436826536 ) ) ;
#1279 = AXIS2_PLACEMENT_3D ( 'NONE', #2363, #1637, #2017 ) ;
#1280 = VECTOR ( 'NONE', #14, 1000.000000000000000 ) ;
#1281 = DIRECTION ( 'NONE',  ( 0.000000000000000000, 0.000000000000000000, 1.000000000000000000 ) ) ;
#1282 = CARTESIAN_POINT ( 'NONE',  ( 4.385684900180221391, -0.9274130717449018402, -54.94847326026005163 ) ) ;
#1283 = B_SPLINE_CURVE_WITH_KNOTS ( 'NONE', 3,
 ( #701, #2264, #2454, #290 ),
 .UNSPECIFIED., .F., .F.,
 ( 4, 4 ),
 ( 0.000000000000000000, 0.0001797984963442748733 ),
 .UNSPECIFIED. ) ;
#1284 = CYLINDRICAL_SURFACE ( 'NONE', #923, 2.500000000000000000 ) ;
#1285 = VERTEX_POINT ( 'NONE', #83 ) ;
#1286 = CARTESIAN_POINT ( 'NONE',  ( 3.322727272727239445, -0.6176225609647878478, -55.09394957163112849 ) ) ;
#1287 = ORIENTED_EDGE ( 'NONE', *, *, #1107, .T. ) ;
#1288 = CARTESIAN_POINT ( 'NONE',  ( 2.603096638308743049, 1.290862310797798825E-10, -55.12549994160696798 ) ) ;
#1289 = ORIENTED_EDGE ( 'NONE', *, *, #990, .F. ) ;
#1290 = DIRECTION ( 'NONE',  ( 0.000000000000000000, 1.000000000000000000, 0.000000000000000000 ) ) ;
#1291 = ADVANCED_FACE ( 'NONE', ( #851 ), #2490, .T. ) ;
#1292 = CARTESIAN_POINT ( 'NONE',  ( 52.49999999999999289, 1.800000000000000044, -4.499999999999990230 ) ) ;
#1293 = CARTESIAN_POINT ( 'NONE',  ( 5.557437158559753065, -1.155304575974234194, -54.09657818375347915 ) ) ;
#1294 = FACE_OUTER_BOUND ( 'NONE', #2354, .T. ) ;
#1295 = ADVANCED_FACE ( 'NONE', ( #1617 ), #663, .F. ) ;
#1296 = ORIENTED_EDGE ( 'NONE', *, *, #2218, .F. ) ;
#1297 = CARTESIAN_POINT ( 'NONE',  ( 0.4999999999999918954, -1.099756442863655703, -3.157199336869893624 ) ) ;
#1298 = VERTEX_POINT ( 'NONE', #426 ) ;
#1299 = DIRECTION ( 'NONE',  ( 0.000000000000000000, 0.000000000000000000, 1.000000000000000000 ) ) ;
#1300 = ORIENTED_EDGE ( 'NONE', *, *, #1453, .T. ) ;
#1301 = DIRECTION ( 'NONE',  ( -0.000000000000000000, -1.000000000000000000, -0.000000000000000000 ) ) ;
#1302 = CARTESIAN_POINT ( 'NONE',  ( 0.000000000000000000, 1.800000000000000044, 1.387778780781445676E-14 ) ) ;
#1303 = DIRECTION ( 'NONE',  ( 0.000000000000000000, 0.000000000000000000, 1.000000000000000000 ) ) ;
#1304 = ORIENTED_EDGE ( 'NONE', *, *, #2099, .F. ) ;
#1305 = CARTESIAN_POINT ( 'NONE',  ( 1.436960904469284150, -0.7848659481064085286, -54.09009582075345435 ) ) ;
#1306 = CARTESIAN_POINT ( 'NONE',  ( 0.8999999999999792610, 0.000000000000000000, -51.22463282343910862 ) ) ;
#1307 = ADVANCED_FACE ( 'NONE', ( #58 ), #1251, .F. ) ;
#1308 = AXIS2_PLACEMENT_3D ( 'NONE', #2159, #611, #40 ) ;
#1309 = ORIENTED_EDGE ( 'NONE', *, *, #2218, .T. ) ;
#1310 = CARTESIAN_POINT ( 'NONE',  ( 7.999999999999989342, 0.000000000000000000, -9.500000000000007105 ) ) ;
#1311 = ORIENTED_EDGE ( 'NONE', *, *, #31, .F. ) ;
#1312 = CIRCLE ( 'NONE', #1960, 1.449999999999999956 ) ;
#1313 = DIRECTION ( 'NONE',  ( 0.000000000000000000, 1.000000000000000000, -0.000000000000000000 ) ) ;
#1314 = AXIS2_PLACEMENT_3D ( 'NONE', #284, #681, #1609 ) ;
#1315 = CARTESIAN_POINT ( 'NONE',  ( 63.00000000000000000, 1.800000000000000044, 1.387778780781445676E-14 ) ) ;
#1316 = CIRCLE ( 'NONE', #1146, 1.250000000000000222 ) ;
#1317 = CARTESIAN_POINT ( 'NONE',  ( 3.985153667912430198, -0.7688457416315466197, -55.05773486462074118 ) ) ;
#1318 = DIRECTION ( 'NONE',  ( 0.000000000000000000, 0.000000000000000000, -1.000000000000000000 ) ) ;
#1319 = AXIS2_PLACEMENT_3D ( 'NONE', #2262, #1313, #526 ) ;
#1320 = VERTEX_POINT ( 'NONE', #810 ) ;
#1321 = CARTESIAN_POINT ( 'NONE',  ( 2.999999999999992006, 1.800000000000000044, -7.000000000000006217 ) ) ;
#1322 = CARTESIAN_POINT ( 'NONE',  ( 52.49999999999999289, 0.000000000000000000, -4.499999999999990230 ) ) ;
#1323 = CARTESIAN_POINT ( 'NONE',  ( 32.49999999999999289, 1.800000000000000044, -46.99999999999998579 ) ) ;
#1324 = EDGE_CURVE ( 'NONE', #1255, #941, #1977, .T. ) ;
#1325 = ORIENTED_EDGE ( 'NONE', *, *, #1231, .F. ) ;
#1326 = CARTESIAN_POINT ( 'NONE',  ( 2.999999999999992006, -0.5644660940672791005, 1.387778780781445676E-14 ) ) ;
#1327 = ADVANCED_FACE ( 'NONE', ( #1779 ), #2381, .T. ) ;
#1328 = VERTEX_POINT ( 'NONE', #1419 ) ;
#1329 = DIRECTION ( 'NONE',  ( 0.000000000000000000, 0.000000000000000000, 1.000000000000000000 ) ) ;
#1330 = FACE_BOUND ( 'NONE', #879, .T. ) ;
#1331 = ORIENTED_EDGE ( 'NONE', *, *, #1593, .T. ) ;
#1332 = CARTESIAN_POINT ( 'NONE',  ( 2.668427053679097494, -0.5175745983069768297, 1.407768758336647479E-14 ) ) ;
#1333 = CARTESIAN_POINT ( 'NONE',  ( 1.309200184929254496, 1.800000000000000044, -48.09939788480101441 ) ) ;
#1334 = ORIENTED_EDGE ( 'NONE', *, *, #484, .T. ) ;
#1335 = CARTESIAN_POINT ( 'NONE',  ( 5.499999999999986677, 1.800000000000000044, -41.93205576500784559 ) ) ;
#1336 = B_SPLINE_CURVE_WITH_KNOTS ( 'NONE', 3,
 ( #1549, #6, #778, #1564, #2138, #400, #979, #21, #225, #996, #32, #1587, #1332, #2105 ),
 .UNSPECIFIED., .F., .F.,
 ( 4, 2, 2, 2, 2, 2, 4 ),
 ( 0.000000000000000000, 0.0009872695621657660153, 0.001480904343248649240, 0.001974539124331532464, 0.002468173905414415472, 0.002961808686497298913, 0.003949078248663065796 ),
 .UNSPECIFIED. ) ;
#1337 = VERTEX_POINT ( 'NONE', #235 ) ;
#1338 = DIRECTION ( 'NONE',  ( 0.000000000000000000, 1.000000000000000000, 0.000000000000000000 ) ) ;
#1339 = EDGE_CURVE ( 'NONE', #1359, #910, #783, .T. ) ;
#1340 = CARTESIAN_POINT ( 'NONE',  ( 62.01555729494820923, -0.5706468573946541500, -6.999999999999999112 ) ) ;
#1341 = CARTESIAN_POINT ( 'NONE',  ( 3.853199198128455905, -0.5863612165217317873, -7.000000000000007994 ) ) ;
#1342 = ORIENTED_EDGE ( 'NONE', *, *, #81, .F. ) ;
#1343 = ORIENTED_EDGE ( 'NONE', *, *, #319, .F. ) ;
#1344 = CARTESIAN_POINT ( 'NONE',  ( 3.199999999999993072, -0.6176225609647825188, -56.88976081352959824 ) ) ;
#1345 = VERTEX_POINT ( 'NONE', #1005 ) ;
#1346 = DIRECTION ( 'NONE',  ( 0.000000000000000000, -1.000000000000000000, 0.000000000000000000 ) ) ;
#1347 = ADVANCED_BREP_SHAPE_REPRESENTATION ( 'RPi_Fan_Mount', ( #1445, #1505 ), #811 ) ;
#1348 = CARTESIAN_POINT ( 'NONE',  ( 5.612778453997046668, -1.670406076076559554, -50.98468528838133551 ) ) ;
#1349 = ADVANCED_FACE ( 'NONE', ( #2188 ), #1599, .F. ) ;
#1350 = FACE_OUTER_BOUND ( 'NONE', #2073, .T. ) ;
#1351 = DIRECTION ( 'NONE',  ( -0.000000000000000000, -1.000000000000000000, -0.000000000000000000 ) ) ;
#1352 = VECTOR ( 'NONE', #552, 1000.000000000000000 ) ;
#1353 = AXIS2_PLACEMENT_3D ( 'NONE', #1019, #1037, #1197 ) ;
#1354 = DIRECTION ( 'NONE',  ( 0.8068181818181824339, 0.000000000000000000, 0.5907998150707244323 ) ) ;
#1355 = CIRCLE ( 'NONE', #269, 1.249999999999990674 ) ;
#1356 = EDGE_LOOP ( 'NONE', ( #1873, #2154 ) ) ;
#1357 = VECTOR ( 'NONE', #742, 1000.000000000000000 ) ;
#1358 = CARTESIAN_POINT ( 'NONE',  ( 5.732293200950593359, -1.156922128178260012, -53.84104941122291166 ) ) ;
#1359 = VERTEX_POINT ( 'NONE', #2074 ) ;
#1360 = CARTESIAN_POINT ( 'NONE',  ( 3.505275679784729981, -5.101572968883407979E-14, -55.19903837262233992 ) ) ;
#1361 = DIRECTION ( 'NONE',  ( 0.000000000000000000, 0.000000000000000000, 1.000000000000000000 ) ) ;
#1362 = CARTESIAN_POINT ( 'NONE',  ( 5.594674448839312753, -1.685485081520242456, -50.95975304004338824 ) ) ;
#1363 = LINE ( 'NONE', #3, #208 ) ;
#1364 = CARTESIAN_POINT ( 'NONE',  ( 0.8999999999999783729, 0.000000000000000000, -52.49999999999999289 ) ) ;
#1365 = EDGE_CURVE ( 'NONE', #718, #2436, #1116, .T. ) ;
#1366 = ORIENTED_EDGE ( 'NONE', *, *, #116, .F. ) ;
#1367 = CARTESIAN_POINT ( 'NONE',  ( 2.707558892228371317, -0.7673630001752351770, -54.99605601455127157 ) ) ;
#1368 = EDGE_CURVE ( 'NONE', #1119, #272, #1853, .T. ) ;
#1369 = ORIENTED_EDGE ( 'NONE', *, *, #46, .F. ) ;
#1370 = CARTESIAN_POINT ( 'NONE',  ( 5.962058612675744662, -0.4914911067288574853, -53.34798269463228593 ) ) ;
#1371 = VERTEX_POINT ( 'NONE', #1263 ) ;
#1372 = DIRECTION ( 'NONE',  ( 0.000000000000000000, 0.000000000000000000, 1.000000000000000000 ) ) ;
#1373 = LINE ( 'NONE', #1998, #1486 ) ;
#1374 = CARTESIAN_POINT ( 'NONE',  ( 65.50000000000000000, 0.000000000000000000, -2.599999999999963229 ) ) ;
#1375 = CARTESIAN_POINT ( 'NONE',  ( 0.000000000000000000, 1.800000000000000044, -48.99999999999998579 ) ) ;
#1376 = DIRECTION ( 'NONE',  ( 0.000000000000000000, 0.000000000000000000, 1.000000000000000000 ) ) ;
#1377 = VERTEX_POINT ( 'NONE', #887 ) ;
#1378 = CARTESIAN_POINT ( 'NONE',  ( 6.096599036065112998, -1.003846923947169678, -52.65548734520032070 ) ) ;
#1379 = VECTOR ( 'NONE', #2501, 1000.000000000000000 ) ;
#1380 = VERTEX_POINT ( 'NONE', #1073 ) ;
#1381 = EDGE_CURVE ( 'NONE', #662, #1153, #1497, .T. ) ;
#1382 = CARTESIAN_POINT ( 'NONE',  ( 4.099999999999995204, -5.421010862427522170E-16, -55.19903837262236124 ) ) ;
#1383 = VERTEX_POINT ( 'NONE', #2452 ) ;
#1384 = CARTESIAN_POINT ( 'NONE',  ( 3.768899552622818394, -0.6487630465646243572, -55.08750212255776546 ) ) ;
#1385 = LINE ( 'NONE', #71, #1034 ) ;
#1386 = DIRECTION ( 'NONE',  ( -5.300543954373572675E-15, -0.8435217057901119864, 0.5370950864241264000 ) ) ;
#1387 = CARTESIAN_POINT ( 'NONE',  ( 3.499999999999996003, -5.700000000000000178, -3.499999999999996003 ) ) ;
#1388 = DIRECTION ( 'NONE',  ( -0.000000000000000000, -1.000000000000000000, -0.000000000000000000 ) ) ;
#1389 = CARTESIAN_POINT ( 'NONE',  ( 3.499999999999996003, -5.700000000000000178, -0.8999999999999854783 ) ) ;
#1390 = AXIS2_PLACEMENT_3D ( 'NONE', #100, #2236, #1469 ) ;
#1391 = PLANE ( 'NONE',  #819 ) ;
#1392 = LINE ( 'NONE', #2165, #2043 ) ;
#1393 = VECTOR ( 'NONE', #1069, 1000.000000000000000 ) ;
#1394 = EDGE_LOOP ( 'NONE', ( #1711, #293 ) ) ;
#1395 = CARTESIAN_POINT ( 'NONE',  ( 3.499999999999996003, 1.800000000000000044, -2.249999999999996003 ) ) ;
#1396 = AXIS2_PLACEMENT_3D ( 'NONE', #2416, #490, #1303 ) ;
#1397 = EDGE_CURVE ( 'NONE', #370, #2375, #2010, .T. ) ;
#1398 = AXIS2_PLACEMENT_3D ( 'NONE', #2437, #1290, #1097 ) ;
#1399 = ORIENTED_EDGE ( 'NONE', *, *, #743, .T. ) ;
#1400 = CARTESIAN_POINT ( 'NONE',  ( 0.000000000000000000, 1.800000000000000044, -7.000000000000006217 ) ) ;
#1401 = DIRECTION ( 'NONE',  ( 8.659560562354888485E-17, 0.7071067811865513475, -0.7071067811865437980 ) ) ;
#1402 = FACE_OUTER_BOUND ( 'NONE', #2104, .T. ) ;
#1403 = DIRECTION ( 'NONE',  ( 0.000000000000000000, 0.000000000000000000, -1.000000000000000000 ) ) ;
#1404 = CARTESIAN_POINT ( 'NONE',  ( 56.99999999999998579, 0.000000000000000000, -46.49999999999998579 ) ) ;
#1405 = DIRECTION ( 'NONE',  ( 0.000000000000000000, -1.000000000000000000, 0.000000000000000000 ) ) ;
#1406 = CARTESIAN_POINT ( 'NONE',  ( 52.49999999999999289, 0.000000000000000000, -4.499999999999990230 ) ) ;
#1407 = CARTESIAN_POINT ( 'NONE',  ( 59.45609267450602431, -0.04708699199407877928, -6.999999999999998224 ) ) ;
#1408 = DIRECTION ( 'NONE',  ( 1.000000000000000000, 0.000000000000000000, -1.416100796715760617E-16 ) ) ;
#1409 = ORIENTED_EDGE ( 'NONE', *, *, #544, .T. ) ;
#1410 = CARTESIAN_POINT ( 'NONE',  ( 6.399999999999979927, 0.000000000000000000, -52.89903837262234987 ) ) ;
#1411 = VERTEX_POINT ( 'NONE', #1702 ) ;
#1412 = CARTESIAN_POINT ( 'NONE',  ( 0.9512403511118909805, -0.4635852229558529713, -53.01892241750512369 ) ) ;
#1413 = CARTESIAN_POINT ( 'NONE',  ( 4.099999999999962341, 1.800000000000000044, -55.19903837262236124 ) ) ;
#1414 = CARTESIAN_POINT ( 'NONE',  ( 1.857997719245217505, -0.3193448632882061045, -50.45777052675028074 ) ) ;
#1415 = CIRCLE ( 'NONE', #1741, 1.000000000000000888 ) ;
#1416 = ORIENTED_EDGE ( 'NONE', *, *, #680, .T. ) ;
#1417 = EDGE_CURVE ( 'NONE', #2058, #895, #1191, .T. ) ;
#1418 = CARTESIAN_POINT ( 'NONE',  ( 0.8999999999999750422, 0.000000000000000000, -48.90621606661920140 ) ) ;
#1419 = CARTESIAN_POINT ( 'NONE',  ( 3.199999999999995293, 1.800000000000000044, -55.19903837262236124 ) ) ;
#1420 = CARTESIAN_POINT ( 'NONE',  ( 6.399999999999979039, -2.168404344971008868E-16, -49.99999999999391775 ) ) ;
#1421 = CARTESIAN_POINT ( 'NONE',  ( 65.50000000000000000, 1.800000000000000044, -2.499999999999996003 ) ) ;
#1422 = CARTESIAN_POINT ( 'NONE',  ( 59.37012703010194770, 0.000000000000000000, -7.003375676700663632 ) ) ;
#1423 = DIRECTION ( 'NONE',  ( -0.000000000000000000, -1.000000000000000000, 0.000000000000000000 ) ) ;
#1424 = ORIENTED_EDGE ( 'NONE', *, *, #1717, .T. ) ;
#1425 = CARTESIAN_POINT ( 'NONE',  ( 6.066107220131168098, -0.4712327557161009040, -52.94507854075988718 ) ) ;
#1426 = ORIENTED_EDGE ( 'NONE', *, *, #2267, .F. ) ;
#1427 = CARTESIAN_POINT ( 'NONE',  ( 0.9672054681337675097, -0.4995087066831961908, -53.09212322822422436 ) ) ;
#1428 = CARTESIAN_POINT ( 'NONE',  ( 0.9000000000000010214, -1.684459290490419729E-14, -50.00651955405581361 ) ) ;
#1429 = AXIS2_PLACEMENT_3D ( 'NONE', #247, #624, #2336 ) ;
#1430 = B_SPLINE_CURVE_WITH_KNOTS ( 'NONE', 3,
 ( #880, #1118, #1905, #332, #928, #2280 ),
 .UNSPECIFIED., .F., .F.,
 ( 4, 2, 4 ),
 ( 0.000000000000000000, 0.5000000000000000000, 1.000000000000000000 ),
 .UNSPECIFIED. ) ;
#1431 = ORIENTED_EDGE ( 'NONE', *, *, #256, .T. ) ;
#1432 = DIRECTION ( 'NONE',  ( 0.000000000000000000, 0.000000000000000000, -1.000000000000000000 ) ) ;
#1433 = EDGE_CURVE ( 'NONE', #2259, #2234, #994, .T. ) ;
#1434 = CARTESIAN_POINT ( 'NONE',  ( 6.609751903162080389, 0.000000000000000000, -49.38721296893284318 ) ) ;
#1435 = CARTESIAN_POINT ( 'NONE',  ( 3.499999999999989342, -5.700000000000000178, -52.49999999999999289 ) ) ;
#1436 = DIRECTION ( 'NONE',  ( 0.000000000000000000, 0.000000000000000000, 1.000000000000000000 ) ) ;
#1437 = CARTESIAN_POINT ( 'NONE',  ( 60.75132134528440986, -0.5369847485973775481, 1.387778780781445518E-14 ) ) ;
#1438 = AXIS2_PLACEMENT_3D ( 'NONE', #1171, #1405, #1586 ) ;
#1439 = ORIENTED_EDGE ( 'NONE', *, *, #1638, .T. ) ;
#1440 = CARTESIAN_POINT ( 'NONE',  ( 6.082588510313430952, -0.4603287035640602487, -52.80933790343562606 ) ) ;
#1441 = AXIS2_PLACEMENT_3D ( 'NONE', #1222, #634, #2232 ) ;
#1442 = ORIENTED_EDGE ( 'NONE', *, *, #2186, .F. ) ;
#1443 = AXIS2_PLACEMENT_3D ( 'NONE', #1820, #75, #653 ) ;
#1444 = CARTESIAN_POINT ( 'NONE',  ( 1.004757997072990960, 1.916779023507364136E-11, -53.60165123411002241 ) ) ;
#1445 = MANIFOLD_SOLID_BREP ( 'Fillet2', #98 ) ;
#1446 = CIRCLE ( 'NONE', #984, 1.000000000000007772 ) ;
#1447 = VERTEX_POINT ( 'NONE', #124 ) ;
#1448 = DIRECTION ( 'NONE',  ( -0.000000000000000000, -1.000000000000000000, -0.000000000000000000 ) ) ;
#1449 = CARTESIAN_POINT ( 'NONE',  ( 54.49999999999998579, 0.000000000000000000, -46.49999999999998579 ) ) ;
#1450 = DIRECTION ( 'NONE',  ( -0.000000000000000000, -1.000000000000000000, -0.000000000000000000 ) ) ;
#1451 = EDGE_LOOP ( 'NONE', ( #1810, #266, #82, #1399 ) ) ;
#1452 = CARTESIAN_POINT ( 'NONE',  ( 3.625546669764871943, -0.5888374497167734312, -55.09999999999998721 ) ) ;
#1453 = EDGE_CURVE ( 'NONE', #1684, #2234, #2415, .T. ) ;
#1454 = ORIENTED_EDGE ( 'NONE', *, *, #1480, .T. ) ;
#1455 = CARTESIAN_POINT ( 'NONE',  ( 65.50000000000001421, 1.800000000000000044, -2.597128861176699348E-13 ) ) ;
#1456 = ORIENTED_EDGE ( 'NONE', *, *, #1498, .F. ) ;
#1457 = CARTESIAN_POINT ( 'NONE',  ( 1.736715329458113466, -0.4818875520026928982, -6.663704000737302735 ) ) ;
#1458 = CARTESIAN_POINT ( 'NONE',  ( 3.199999999999978861, 1.800000000000000044, -52.89903837262236408 ) ) ;
#1459 = CARTESIAN_POINT ( 'NONE',  ( 62.51462622457020046, -0.4642407278385897729, 1.387778780781445676E-14 ) ) ;
#1460 = CARTESIAN_POINT ( 'NONE',  ( 3.499999999999989342, -5.700000000000000178, -53.74999999999999289 ) ) ;
#1461 = ORIENTED_EDGE ( 'NONE', *, *, #711, .T. ) ;
#1462 = DIRECTION ( 'NONE',  ( 0.000000000000000000, 0.000000000000000000, 1.000000000000000000 ) ) ;
#1463 = ORIENTED_EDGE ( 'NONE', *, *, #909, .T. ) ;
#1464 = EDGE_CURVE ( 'NONE', #739, #1836, #550, .T. ) ;
#1465 = ORIENTED_EDGE ( 'NONE', *, *, #956, .T. ) ;
#1466 = CARTESIAN_POINT ( 'NONE',  ( 61.49999999999999289, -5.700000000000000178, -3.499999999999996003 ) ) ;
#1467 = ORIENTED_EDGE ( 'NONE', *, *, #81, .T. ) ;
#1468 = FILL_AREA_STYLE ('',( #2463 ) ) ;
#1469 = DIRECTION ( 'NONE',  ( 0.000000000000000000, 0.000000000000000000, -1.000000000000000000 ) ) ;
#1470 = LINE ( 'NONE', #1099, #863 ) ;
#1471 = DIRECTION ( 'NONE',  ( 0.000000000000000000, 0.000000000000000000, -1.000000000000000000 ) ) ;
#1472 = AXIS2_PLACEMENT_3D ( 'NONE', #962, #207, #789 ) ;
#1473 = ORIENTED_EDGE ( 'NONE', *, *, #1883, .T. ) ;
#1474 = CIRCLE ( 'NONE', #532, 2.500000000000000000 ) ;
#1475 = CYLINDRICAL_SURFACE ( 'NONE', #418, 1.449999999999999956 ) ;
#1476 = CARTESIAN_POINT ( 'NONE',  ( 1.178842430437269995, -0.4458584680460768168, -51.26598619200701279 ) ) ;
#1477 = VECTOR ( 'NONE', #1198, 1000.000000000000000 ) ;
#1478 = ORIENTED_EDGE ( 'NONE', *, *, #1558, .F. ) ;
#1479 = CYLINDRICAL_SURFACE ( 'NONE', #2364, 2.600000000000010747 ) ;
#1480 = EDGE_CURVE ( 'NONE', #2259, #768, #2062, .T. ) ;
#1481 = VECTOR ( 'NONE', #1988, 1000.000000000000000 ) ;
#1482 = ORIENTED_EDGE ( 'NONE', *, *, #1639, .F. ) ;
#1483 = SURFACE_STYLE_USAGE ( .BOTH. , #2252 ) ;
#1484 = AXIS2_PLACEMENT_3D ( 'NONE', #935, #2121, #596 ) ;
#1485 = ADVANCED_FACE ( 'NONE', ( #734 ), #1946, .F. ) ;
#1486 = VECTOR ( 'NONE', #823, 1000.000000000000000 ) ;
#1487 = DIRECTION ( 'NONE',  ( 0.000000000000000000, 0.000000000000000000, 1.000000000000000000 ) ) ;
#1488 = CARTESIAN_POINT ( 'NONE',  ( 3.499999999999989342, -5.700000000000000178, -52.49999999999999289 ) ) ;
#1489 = CARTESIAN_POINT ( 'NONE',  ( 65.50000000000000000, 0.000000000000000000, -2.599999999999963229 ) ) ;
#1490 = ORIENTED_EDGE ( 'NONE', *, *, #2421, .F. ) ;
#1491 = DIRECTION ( 'NONE',  ( 0.000000000000000000, 0.000000000000000000, 1.000000000000000000 ) ) ;
#1492 = LINE ( 'NONE', #1104, #2127 ) ;
#1493 = B_SPLINE_CURVE_WITH_KNOTS ( 'NONE', 3,
 ( #1103, #2295, #1881, #143, #906, #1696, #917, #2458, #2270, #1305, #2081, #1916, #1928, #953, #1185, #1367, #2503, #1161 ),
 .UNSPECIFIED., .F., .F.,
 ( 4, 2, 2, 2, 2, 2, 2, 2, 4 ),
 ( 0.000000000000000000, 0.0002391310800512112225, 0.0004782621601024224451, 0.0009565243202048448901, 0.001434786480307267227, 0.001913048640409689780, 0.002391310800512112551, 0.002869572960614534454, 0.003826097280819387367 ),
 .UNSPECIFIED. ) ;
#1494 = ORIENTED_EDGE ( 'NONE', *, *, #711, .F. ) ;
#1495 = CARTESIAN_POINT ( 'NONE',  ( 63.58753998500696270, -0.07910575679373571534, -6.949356419635305926 ) ) ;
#1496 = EDGE_LOOP ( 'NONE', ( #199, #1731, #733, #1944 ) ) ;
#1497 = LINE ( 'NONE', #712, #2247 ) ;
#1498 = EDGE_CURVE ( 'NONE', #687, #331, #145, .T. ) ;
#1499 = DIRECTION ( 'NONE',  ( 0.000000000000000000, -1.000000000000000000, -0.000000000000000000 ) ) ;
#1500 = DIRECTION ( 'NONE',  ( -0.000000000000000000, -1.000000000000000000, -0.000000000000000000 ) ) ;
#1501 = CARTESIAN_POINT ( 'NONE',  ( 7.399999999999979927, 1.800000000000000044, -49.99999999999997868 ) ) ;
#1502 = VERTEX_POINT ( 'NONE', #353 ) ;
#1503 = CARTESIAN_POINT ( 'NONE',  ( 0.4999999999999917843, -0.9377223398316447689, -4.500000000000005329 ) ) ;
#1504 = CYLINDRICAL_SURFACE ( 'NONE', #271, 1.449999999999999956 ) ;
#1505 = AXIS2_PLACEMENT_3D ( 'NONE', #2278, #355, #1125 ) ;
#1506 = ORIENTED_EDGE ( 'NONE', *, *, #1208, .F. ) ;
#1507 = CARTESIAN_POINT ( 'NONE',  ( 2.037491397323278886, -2.373379387753766334E-10, -54.88967726654986734 ) ) ;
#1508 = EDGE_LOOP ( 'NONE', ( #1011, #1608, #1970, #716, #580, #531 ) ) ;
#1509 = PRESENTATION_STYLE_ASSIGNMENT (( #1483 ) ) ;
#1510 = CIRCLE ( 'NONE', #2033, 2.500000000000000444 ) ;
#1511 = DIRECTION ( 'NONE',  ( -0.000000000000000000, 1.000000000000000000, -0.000000000000000000 ) ) ;
#1512 = DIRECTION ( 'NONE',  ( 0.000000000000000000, -0.000000000000000000, -1.000000000000000000 ) ) ;
#1513 = EDGE_CURVE ( 'NONE', #1771, #1773, #365, .T. ) ;
#1514 = ORIENTED_EDGE ( 'NONE', *, *, #2084, .F. ) ;
#1515 = DIRECTION ( 'NONE',  ( 0.000000000000000000, 0.000000000000000000, 1.000000000000000000 ) ) ;
#1516 = CARTESIAN_POINT ( 'NONE',  ( 0.8999999999999795941, 0.000000000000000000, -48.95035213014021025 ) ) ;
#1517 = FACE_OUTER_BOUND ( 'NONE', #175, .T. ) ;
#1518 = EDGE_CURVE ( 'NONE', #210, #557, #1123, .T. ) ;
#1519 = EDGE_LOOP ( 'NONE', ( #1566, #1722, #482, #295, #832, #1105 ) ) ;
#1520 = DIRECTION ( 'NONE',  ( -0.000000000000000000, 1.000000000000000000, -0.000000000000000000 ) ) ;
#1521 = EDGE_LOOP ( 'NONE', ( #7, #23, #430, #1825 ) ) ;
#1522 = CIRCLE ( 'NONE', #214, 1.449999999999999956 ) ;
#1523 = CARTESIAN_POINT ( 'NONE',  ( 3.499999999999989342, 1.800000000000000044, -52.49999999999999289 ) ) ;
#1524 = AXIS2_PLACEMENT_3D ( 'NONE', #1335, #908, #536 ) ;
#1525 = AXIS2_PLACEMENT_3D ( 'NONE', #452, #270, #480 ) ;
#1526 = FACE_BOUND ( 'NONE', #349, .T. ) ;
#1527 = CARTESIAN_POINT ( 'NONE',  ( 0.8999999999999791500, 1.800000000000000044, -52.89903837262234276 ) ) ;
#1528 = CIRCLE ( 'NONE', #1484, 1.800000000000002931 ) ;
#1529 = EDGE_LOOP ( 'NONE', ( #543, #1981 ) ) ;
#1530 = CARTESIAN_POINT ( 'NONE',  ( 0.4999999999999917843, -0.9377223398316443248, -2.499999999999986233 ) ) ;
#1531 = VERTEX_POINT ( 'NONE', #2476 ) ;
#1532 = ADVANCED_FACE ( 'NONE', ( #373 ), #770, .T. ) ;
#1533 = CARTESIAN_POINT ( 'NONE',  ( 3.052815702564965150, 4.396587427235037279E-10, -55.19903837278297232 ) ) ;
#1534 = ORIENTED_EDGE ( 'NONE', *, *, #1735, .F. ) ;
#1535 = CARTESIAN_POINT ( 'NONE',  ( 12.49999999999999289, 1.800000000000000044, -3.049999999999990052 ) ) ;
#1536 = CARTESIAN_POINT ( 'NONE',  ( 0.9107142822017811890, -0.2548449321630790743, -52.73579540200410065 ) ) ;
#1537 = CARTESIAN_POINT ( 'NONE',  ( 4.198153889707893605, -0.5351259936824798169, -7.000000000000006217 ) ) ;
#1538 = DIRECTION ( 'NONE',  ( 0.000000000000000000, 0.000000000000000000, -1.000000000000000000 ) ) ;
#1539 = ORIENTED_EDGE ( 'NONE', *, *, #2111, .T. ) ;
#1540 = CARTESIAN_POINT ( 'NONE',  ( 61.49999999999999289, -5.700000000000000178, -3.499999999999996003 ) ) ;
#1541 = EDGE_CURVE ( 'NONE', #2472, #391, #1528, .T. ) ;
#1542 = VERTEX_POINT ( 'NONE', #1535 ) ;
#1543 = DIRECTION ( 'NONE',  ( 0.000000000000000000, 0.000000000000000000, 1.000000000000000000 ) ) ;
#1544 = DIRECTION ( 'NONE',  ( 0.000000000000000000, 0.000000000000000000, -1.000000000000000000 ) ) ;
#1545 = CARTESIAN_POINT ( 'NONE',  ( 5.924025413976165666, -1.134578503983187714, -53.45180255158737026 ) ) ;
#1546 = CIRCLE ( 'NONE', #248, 2.600000000000010303 ) ;
#1547 = AXIS2_PLACEMENT_3D ( 'NONE', #573, #28, #221 ) ;
#1548 = EDGE_LOOP ( 'NONE', ( #162, #1131, #674, #594 ) ) ;
#1549 = CARTESIAN_POINT ( 'NONE',  ( 0.4999999999999917843, -0.9377223398316443248, -2.499999999999986233 ) ) ;
#1550 = CARTESIAN_POINT ( 'NONE',  ( 5.212092247429530367, 4.470804810794326892E-10, -54.91804961090023340 ) ) ;
#1551 = VERTEX_POINT ( 'NONE', #384 ) ;
#1552 = DIRECTION ( 'NONE',  ( -0.000000000000000000, 1.000000000000000000, -0.000000000000000000 ) ) ;
#1553 = EDGE_CURVE ( 'NONE', #941, #1345, #1967, .T. ) ;
#1554 = CARTESIAN_POINT ( 'NONE',  ( 5.302809846402207761, -0.1732321071429936687, 1.387778780781445676E-14 ) ) ;
#1555 = AXIS2_PLACEMENT_3D ( 'NONE', #1458, #1086, #2225 ) ;
#1556 = CARTESIAN_POINT ( 'NONE',  ( 5.532923827324863986, -1.734480181119550490, -50.87909569975586521 ) ) ;
#1557 = ADVANCED_FACE ( 'NONE', ( #1133 ), #922, .F. ) ;
#1558 = EDGE_CURVE ( 'NONE', #1994, #1502, #1446, .T. ) ;
#1559 = CARTESIAN_POINT ( 'NONE',  ( 1.044899295285776963, -0.9325127156198176337, -51.62253389289815431 ) ) ;
#1560 = DIRECTION ( 'NONE',  ( 0.000000000000000000, 1.000000000000000000, -0.000000000000000000 ) ) ;
#1561 = CIRCLE ( 'NONE', #1524, 2.500000000000002220 ) ;
#1562 = CIRCLE ( 'NONE', #702, 1.449999999999999956 ) ;
#1563 = LINE ( 'NONE', #2330, #2239 ) ;
#1564 = CARTESIAN_POINT ( 'NONE',  ( 0.7427422905656918539, -0.6456800749135227502, -1.413088834571221808 ) ) ;
#1565 = AXIS2_PLACEMENT_3D ( 'NONE', #2322, #1714, #193 ) ;
#1566 = ORIENTED_EDGE ( 'NONE', *, *, #2421, .T. ) ;
#1567 = DIRECTION ( 'NONE',  ( 0.000000000000000000, -1.000000000000000000, 0.000000000000000000 ) ) ;
#1568 = ORIENTED_EDGE ( 'NONE', *, *, #2128, .F. ) ;
#1569 = CARTESIAN_POINT ( 'NONE',  ( 3.681736918269153946, -0.6121082300963522904, -55.09517976524143279 ) ) ;
#1570 = DIRECTION ( 'NONE',  ( -0.000000000000000000, 1.000000000000000000, -0.000000000000000000 ) ) ;
#1571 = B_SPLINE_CURVE_WITH_KNOTS ( 'NONE', 3,
 ( #622, #245, #881, #218 ),
 .UNSPECIFIED., .F., .F.,
 ( 4, 4 ),
 ( 0.000000000000000000, 0.0001470429035325149800 ),
 .UNSPECIFIED. ) ;
#1572 = CARTESIAN_POINT ( 'NONE',  ( 5.337580670050317444, -1.800000000000000044, -50.66062584527848855 ) ) ;
#1573 = CARTESIAN_POINT ( 'NONE',  ( 0.9903874402629054829, -0.7519422628245415741, -51.79721240226865575 ) ) ;
#1574 = FACE_BOUND ( 'NONE', #2223, .T. ) ;
#1575 = EDGE_CURVE ( 'NONE', #2100, #2472, #625, .T. ) ;
#1576 = EDGE_LOOP ( 'NONE', ( #2217, #2198, #1539, #166 ) ) ;
#1577 = CARTESIAN_POINT ( 'NONE',  ( 3.499999999999996003, -5.700000000000000178, -2.249999999999996003 ) ) ;
#1578 = EDGE_LOOP ( 'NONE', ( #1122, #1300, #1046, #1236 ) ) ;
#1579 = CARTESIAN_POINT ( 'NONE',  ( 4.801265846760554012, 1.572646437332467382E-10, -55.09456104144911137 ) ) ;
#1580 = ORIENTED_EDGE ( 'NONE', *, *, #590, .F. ) ;
#1581 = CARTESIAN_POINT ( 'NONE',  ( 3.499999999999989342, -1.800000000000000044, -49.89999999999997726 ) ) ;
#1582 = CARTESIAN_POINT ( 'NONE',  ( 61.49999999999999289, -5.700000000000000178, -2.250000000000005329 ) ) ;
#1583 = CARTESIAN_POINT ( 'NONE',  ( 5.464530914866082334, -0.4087944254488709017, -50.76924851047460407 ) ) ;
#1584 = CARTESIAN_POINT ( 'NONE',  ( 3.499999999999996447, -1.500000000000026423, -6.100000000000006750 ) ) ;
#1585 = DIRECTION ( 'NONE',  ( 0.000000000000000000, 0.000000000000000000, 1.000000000000000000 ) ) ;
#1586 = DIRECTION ( 'NONE',  ( 0.000000000000000000, 0.000000000000000000, -1.000000000000000000 ) ) ;
#1587 = CARTESIAN_POINT ( 'NONE',  ( 2.336685408765861727, -0.4904027070464848648, -0.06708375120777909650 ) ) ;
#1588 = FACE_OUTER_BOUND ( 'NONE', #215, .T. ) ;
#1589 = EDGE_CURVE ( 'NONE', #1298, #727, #2050, .T. ) ;
#1590 = AXIS2_PLACEMENT_3D ( 'NONE', #642, #1408, #655 ) ;
#1591 = ORIENTED_EDGE ( 'NONE', *, *, #651, .F. ) ;
#1592 = CARTESIAN_POINT ( 'NONE',  ( 5.298713061723076656, -0.4941575899936316296, -54.38274228583299674 ) ) ;
#1593 = EDGE_CURVE ( 'NONE', #1052, #557, #1770, .T. ) ;
#1594 = EDGE_LOOP ( 'NONE', ( #412, #1325 ) ) ;
#1595 = FACE_OUTER_BOUND ( 'NONE', #456, .T. ) ;
#1596 = DIRECTION ( 'NONE',  ( 0.000000000000000000, 0.000000000000000000, 1.000000000000000000 ) ) ;
#1597 = CARTESIAN_POINT ( 'NONE',  ( 5.639547917026626500, -1.649389495743511791, -51.02272727272608677 ) ) ;
#1598 = CARTESIAN_POINT ( 'NONE',  ( 1.761349495829466649, -1.773918571348847006, -50.56288974487547705 ) ) ;
#1599 = PLANE ( 'NONE',  #222 ) ;
#1600 = CIRCLE ( 'NONE', #1274, 4.400000000000014566 ) ;
#1601 = CARTESIAN_POINT ( 'NONE',  ( 52.49999999999999289, 0.000000000000000000, -45.94999999999998863 ) ) ;
#1602 = AXIS2_PLACEMENT_3D ( 'NONE', #836, #673, #659 ) ;
#1603 = FACE_OUTER_BOUND ( 'NONE', #2414, .T. ) ;
#1604 = CARTESIAN_POINT ( 'NONE',  ( 5.966428051578591685, -1.275394817272239578, -51.66477996351034108 ) ) ;
#1605 = DIRECTION ( 'NONE',  ( 0.000000000000000000, 0.000000000000000000, 1.000000000000000000 ) ) ;
#1606 = VECTOR ( 'NONE', #153, 1000.000000000000000 ) ;
#1607 = B_SPLINE_CURVE_WITH_KNOTS ( 'NONE', 3,
 ( #292, #1642, #1079, #115 ),
 .UNSPECIFIED., .F., .F.,
 ( 4, 4 ),
 ( 8.576841527750120058E-21, 0.0009364813781088275266 ),
 .UNSPECIFIED. ) ;
#1608 = ORIENTED_EDGE ( 'NONE', *, *, #1911, .T. ) ;
#1609 = DIRECTION ( 'NONE',  ( 0.000000000000000000, 0.000000000000000000, -1.000000000000000000 ) ) ;
#1610 = CIRCLE ( 'NONE', #507, 2.600000000000010303 ) ;
#1611 = VECTOR ( 'NONE', #2498, 1000.000000000000000 ) ;
#1612 = EDGE_CURVE ( 'NONE', #72, #895, #205, .T. ) ;
#1613 = CARTESIAN_POINT ( 'NONE',  ( 3.410584335793276800, -0.5898071079534576988, -55.09995379829390316 ) ) ;
#1614 = CARTESIAN_POINT ( 'NONE',  ( 1.963636363636345861, -1.800000000000000044, -50.40248080417375576 ) ) ;
#1615 = ORIENTED_EDGE ( 'NONE', *, *, #1902, .T. ) ;
#1616 = DIRECTION ( 'NONE',  ( 0.000000000000000000, -1.000000000000000000, 0.000000000000000000 ) ) ;
#1617 = FACE_OUTER_BOUND ( 'NONE', #1659, .T. ) ;
#1618 = CARTESIAN_POINT ( 'NONE',  ( 0.000000000000000000, 1.800000000000000044, -6.999999999999998224 ) ) ;
#1619 = CARTESIAN_POINT ( 'NONE',  ( 63.00000000000000000, 0.000000000000000000, -4.499999999999999112 ) ) ;
#1620 = ORIENTED_EDGE ( 'NONE', *, *, #2153, .F. ) ;
#1621 = CARTESIAN_POINT ( 'NONE',  ( 6.103372700254936056, -0.9872224176247620386, -52.58110526737006296 ) ) ;
#1622 = ORIENTED_EDGE ( 'NONE', *, *, #276, .T. ) ;
#1623 = CARTESIAN_POINT ( 'NONE',  ( 0.9107142822017822992, -0.2548449321630764652, -52.73579540200410065 ) ) ;
#1624 = CARTESIAN_POINT ( 'NONE',  ( 1.355316965590650291, -1.481340024730665172, -51.02657973622486764 ) ) ;
#1625 = EDGE_CURVE ( 'NONE', #2434, #1836, #2110, .T. ) ;
#1626 = VERTEX_POINT ( 'NONE', #758 ) ;
#1627 = DIRECTION ( 'NONE',  ( 0.000000000000000000, 0.000000000000000000, 1.000000000000000000 ) ) ;
#1628 = CYLINDRICAL_SURFACE ( 'NONE', #2487, 2.600000000000012079 ) ;
#1629 = DIRECTION ( 'NONE',  ( -0.000000000000000000, -1.000000000000000000, -0.000000000000000000 ) ) ;
#1630 = CARTESIAN_POINT ( 'NONE',  ( 5.367035893904527732, -1.799999998103935184, -50.69005234877021593 ) ) ;
#1631 = EDGE_LOOP ( 'NONE', ( #1183, #2048, #839, #1289 ) ) ;
#1632 = CARTESIAN_POINT ( 'NONE',  ( 6.325506313266617830, 4.237468369645752537E-11, -53.49941976254715570 ) ) ;
#1633 = ORIENTED_EDGE ( 'NONE', *, *, #388, .F. ) ;
#1634 = CARTESIAN_POINT ( 'NONE',  ( 0.9370754173487791938, -0.1854908242027882292, -52.94999587058513413 ) ) ;
#1635 = ORIENTED_EDGE ( 'NONE', *, *, #972, .F. ) ;
#1636 = PRODUCT_DEFINITION ( 'UNKNOWN', '', #1007, #997 ) ;
#1637 = DIRECTION ( 'NONE',  ( 0.000000000000000000, 1.000000000000000000, -0.000000000000000000 ) ) ;
#1638 = EDGE_CURVE ( 'NONE', #1255, #210, #2309, .T. ) ;
#1639 = EDGE_CURVE ( 'NONE', #927, #2357, #960, .T. ) ;
#1640 = LINE ( 'NONE', #613, #1232 ) ;
#1641 = DIRECTION ( 'NONE',  ( 0.000000000000000000, 1.000000000000000000, -0.000000000000000000 ) ) ;
#1642 = CARTESIAN_POINT ( 'NONE',  ( 63.29509908837642485, -0.1758682211634659542, 1.387778780781445676E-14 ) ) ;
#1643 = CARTESIAN_POINT ( 'NONE',  ( 5.339988771049495320, -0.1730898765758118740, -50.66303156465388469 ) ) ;
#1644 = AXIS2_PLACEMENT_3D ( 'NONE', #2393, #1226, #451 ) ;
#1645 = EDGE_LOOP ( 'NONE', ( #379, #2451, #825, #1140 ) ) ;
#1646 = CARTESIAN_POINT ( 'NONE',  ( 5.648191469048994051, -0.4965084802298635469, -50.99159918917538192 ) ) ;
#1647 = VECTOR ( 'NONE', #496, 1000.000000000000227 ) ;
#1648 = ORIENTED_EDGE ( 'NONE', *, *, #2495, .F. ) ;
#1649 = AXIS2_PLACEMENT_3D ( 'NONE', #774, #937, #2327 ) ;
#1650 = CARTESIAN_POINT ( 'NONE',  ( 1.304784797834801502, -0.3551856936380237140, -53.90161792508594374 ) ) ;
#1651 = VECTOR ( 'NONE', #514, 1000.000000000000000 ) ;
#1652 = ORIENTED_EDGE ( 'NONE', *, *, #606, .T. ) ;
#1653 = CARTESIAN_POINT ( 'NONE',  ( 0.9877808739959091922, -0.5570825056784894924, -6.019470056796321522 ) ) ;
#1654 = CYLINDRICAL_SURFACE ( 'NONE', #1390, 1.449999999999999956 ) ;
#1655 = CARTESIAN_POINT ( 'NONE',  ( 63.00000000000000000, 1.800000000000000044, -4.499999999999999112 ) ) ;
#1656 = DIRECTION ( 'NONE',  ( 0.000000000000000000, 0.000000000000000000, -1.000000000000000000 ) ) ;
#1657 = EDGE_CURVE ( 'NONE', #895, #2058, #665, .T. ) ;
#1658 = ORIENTED_EDGE ( 'NONE', *, *, #1417, .F. ) ;
#1659 = EDGE_LOOP ( 'NONE', ( #2242, #1870, #2504, #297 ) ) ;
#1660 = DIRECTION ( 'NONE',  ( 0.000000000000000000, 0.000000000000000000, 1.000000000000000000 ) ) ;
#1661 = ORIENTED_EDGE ( 'NONE', *, *, #530, .T. ) ;
#1662 = CARTESIAN_POINT ( 'NONE',  ( 0.6223107409158369352, -0.7151607568813804772, -5.289114091821514485 ) ) ;
#1663 = DIRECTION ( 'NONE',  ( -0.000000000000000000, -1.000000000000000000, -0.000000000000000000 ) ) ;
#1664 = FACE_BOUND ( 'NONE', #584, .T. ) ;
#1665 = CARTESIAN_POINT ( 'NONE',  ( 12.49999999999999289, 1.800000000000000044, -4.499999999999990230 ) ) ;
#1666 = ORIENTED_EDGE ( 'NONE', *, *, #991, .F. ) ;
#1667 = EDGE_CURVE ( 'NONE', #95, #2457, #1211, .T. ) ;
#1668 = CARTESIAN_POINT ( 'NONE',  ( 6.399999999999979927, 0.000000000000000000, -52.89903837262234276 ) ) ;
#1669 = FACE_OUTER_BOUND ( 'NONE', #1850, .T. ) ;
#1670 = ORIENTED_EDGE ( 'NONE', *, *, #276, .F. ) ;
#1671 = EDGE_CURVE ( 'NONE', #185, #745, #1786, .T. ) ;
#1672 = LINE ( 'NONE', #1395, #779 ) ;
#1673 = VECTOR ( 'NONE', #1769, 1000.000000000000000 ) ;
#1674 = VERTEX_POINT ( 'NONE', #2183 ) ;
#1675 = CARTESIAN_POINT ( 'NONE',  ( 0.4999999999999917843, 1.800000000000000044, -4.500000000000005329 ) ) ;
#1676 = CYLINDRICAL_SURFACE ( 'NONE', #1555, 2.299999999999996270 ) ;
#1677 = CARTESIAN_POINT ( 'NONE',  ( 5.143150156329014955, -1.110702803854026977, -54.52030659231934351 ) ) ;
#1678 = DIRECTION ( 'NONE',  ( 1.000000000000000000, -0.000000000000000000, 0.000000000000000000 ) ) ;
#1679 = ORIENTED_EDGE ( 'NONE', *, *, #1513, .T. ) ;
#1680 = AXIS2_PLACEMENT_3D ( 'NONE', #1322, #164, #2095 ) ;
#1681 = CARTESIAN_POINT ( 'NONE',  ( 0.4999999999999917843, -1.085445590993625808, -3.838591949802632186 ) ) ;
#1682 = CARTESIAN_POINT ( 'NONE',  ( 0.8999999999999791500, 0.000000000000000000, -52.89903837262234276 ) ) ;
#1683 = AXIS2_PLACEMENT_3D ( 'NONE', #504, #1264, #1281 ) ;
#1684 = VERTEX_POINT ( 'NONE', #1206 ) ;
#1685 = CARTESIAN_POINT ( 'NONE',  ( 2.157052048499368713, -0.8192705634169827889, -54.73174198176715777 ) ) ;
#1686 = CIRCLE ( 'NONE', #101, 1.250000000000001110 ) ;
#1687 = ADVANCED_FACE ( 'NONE', ( #120 ), #27, .T. ) ;
#1688 = AXIS2_PLACEMENT_3D ( 'NONE', #1655, #102, #2368 ) ;
#1689 = ORIENTED_EDGE ( 'NONE', *, *, #1006, .T. ) ;
#1690 = CARTESIAN_POINT ( 'NONE',  ( 2.999999999999992006, 1.800000000000000044, -7.000000000000006217 ) ) ;
#1691 = AXIS2_PLACEMENT_3D ( 'NONE', #2426, #1855, #289 ) ;
#1692 = DIRECTION ( 'NONE',  ( 1.086151187700412521E-16, 0.000000000000000000, 1.000000000000000000 ) ) ;
#1693 = DIRECTION ( 'NONE',  ( 0.000000000000000000, -1.000000000000000000, 0.000000000000000000 ) ) ;
#1694 = LINE ( 'NONE', #2417, #2392 ) ;
#1695 = ORIENTED_EDGE ( 'NONE', *, *, #1625, .F. ) ;
#1696 = CARTESIAN_POINT ( 'NONE',  ( 1.012102363909802127, -0.5791378883716068460, -53.26897440270757755 ) ) ;
#1697 = CARTESIAN_POINT ( 'NONE',  ( 0.8999999999999731548, 6.694180290613663764E-15, -50.45396789625667822 ) ) ;
#1698 = EDGE_LOOP ( 'NONE', ( #1165, #25, #432, #2093 ) ) ;
#1699 = CARTESIAN_POINT ( 'NONE',  ( 2.684335999553319141, -0.3613162251554906113, -54.97352918937354360 ) ) ;
#1700 = ORIENTED_EDGE ( 'NONE', *, *, #802, .F. ) ;
#1701 = EDGE_CURVE ( 'NONE', #1371, #372, #1571, .T. ) ;
#1702 = CARTESIAN_POINT ( 'NONE',  ( 7.999999999999986677, 0.000000000000000000, -41.93205576500784559 ) ) ;
#1703 = CARTESIAN_POINT ( 'NONE',  ( 3.263356043468897294, -0.2987845313214534948, -55.08989209115915742 ) ) ;
#1704 = ADVANCED_FACE ( 'NONE', ( #1669 ), #1002, .F. ) ;
#1705 = DIRECTION ( 'NONE',  ( -0.000000000000000000, -1.000000000000000000, -0.000000000000000000 ) ) ;
#1706 = CARTESIAN_POINT ( 'NONE',  ( 3.500000000000022649, -0.6000000000003800071, -7.000000000000006217 ) ) ;
#1707 = ORIENTED_EDGE ( 'NONE', *, *, #1827, .T. ) ;
#1708 = CARTESIAN_POINT ( 'NONE',  ( 61.49999999999999289, -1.500000000000026423, -0.8999999999999854783 ) ) ;
#1709 = LINE ( 'NONE', #1929, #936 ) ;
#1710 = CARTESIAN_POINT ( 'NONE',  ( 65.50000000000000000, 0.000000000000000000, -4.400000000000061640 ) ) ;
#1711 = ORIENTED_EDGE ( 'NONE', *, *, #987, .F. ) ;
#1712 = LINE ( 'NONE', #1139, #1352 ) ;
#1713 = VERTEX_POINT ( 'NONE', #1582 ) ;
#1714 = DIRECTION ( 'NONE',  ( 0.000000000000000000, 1.000000000000000000, -0.000000000000000000 ) ) ;
#1715 = CARTESIAN_POINT ( 'NONE',  ( 62.75929727702681049, -0.3869308948677523952, -6.999999999999998224 ) ) ;
#1716 = DIRECTION ( 'NONE',  ( 1.000000000000000000, 0.000000000000000000, -0.000000000000000000 ) ) ;
#1717 = EDGE_CURVE ( 'NONE', #1900, #692, #1385, .T. ) ;
#1718 = ORIENTED_EDGE ( 'NONE', *, *, #1914, .F. ) ;
#1719 = LINE ( 'NONE', #2257, #738 ) ;
#1720 = CARTESIAN_POINT ( 'NONE',  ( 12.49999999999999289, 1.800000000000000044, -5.949999999999990408 ) ) ;
#1721 = CARTESIAN_POINT ( 'NONE',  ( 0.9368207964016075362, -0.2072330000575390574, -51.98422665226764394 ) ) ;
#1722 = ORIENTED_EDGE ( 'NONE', *, *, #219, .T. ) ;
#1723 = CARTESIAN_POINT ( 'NONE',  ( 2.972769923619117183, -0.3362496581039467469, -55.05079291738773861 ) ) ;
#1724 = VERTEX_POINT ( 'NONE', #988 ) ;
#1725 = DIRECTION ( 'NONE',  ( 0.000000000000000000, 0.000000000000000000, 1.000000000000000000 ) ) ;
#1726 = VECTOR ( 'NONE', #1012, 1000.000000000000000 ) ;
#1727 = VECTOR ( 'NONE', #1063, 1000.000000000000000 ) ;
#1728 = CARTESIAN_POINT ( 'NONE',  ( 5.726042596222842285, -1.157176190402134930, -53.85160790100584904 ) ) ;
#1729 = DIRECTION ( 'NONE',  ( -1.086151187700412397E-16, 0.000000000000000000, -1.000000000000000000 ) ) ;
#1730 = AXIS2_PLACEMENT_3D ( 'NONE', #181, #1910, #564 ) ;
#1731 = ORIENTED_EDGE ( 'NONE', *, *, #1732, .T. ) ;
#1732 = EDGE_CURVE ( 'NONE', #981, #662, #1355, .T. ) ;
#1733 = VERTEX_POINT ( 'NONE', #54 ) ;
#1734 = CARTESIAN_POINT ( 'NONE',  ( 4.976704190505497394, -0.4765342201535735511, -54.64520823077870659 ) ) ;
#1735 = EDGE_CURVE ( 'NONE', #2305, #898, #1373, .T. ) ;
#1736 = EDGE_LOOP ( 'NONE', ( #835, #1109 ) ) ;
#1737 = CARTESIAN_POINT ( 'NONE',  ( 59.50000000000000000, 1.800000000000000044, -9.499999999999998224 ) ) ;
#1738 = CARTESIAN_POINT ( 'NONE',  ( 0.9035653033082623464, -0.1702541754510429328, -52.65729196729544981 ) ) ;
#1739 = FACE_OUTER_BOUND ( 'NONE', #1519, .T. ) ;
#1740 = CARTESIAN_POINT ( 'NONE',  ( 3.499999999999989342, 1.800000000000000044, -51.24999999999999289 ) ) ;
#1741 = AXIS2_PLACEMENT_3D ( 'NONE', #1501, #715, #868 ) ;
#1742 = ADVANCED_FACE ( 'NONE', ( #1985 ), #931, .F. ) ;
#1743 = ORIENTED_EDGE ( 'NONE', *, *, #771, .T. ) ;
#1744 = CARTESIAN_POINT ( 'NONE',  ( 5.567167195191035312, -1.155706286242715652, -54.08378225949073936 ) ) ;
#1745 = EDGE_CURVE ( 'NONE', #331, #2379, #730, .T. ) ;
#1746 = VERTEX_POINT ( 'NONE', #1710 ) ;
#1747 = DIRECTION ( 'NONE',  ( -0.000000000000000000, 1.000000000000000000, -0.000000000000000000 ) ) ;
#1748 = DIRECTION ( 'NONE',  ( 0.000000000000000000, 0.000000000000000000, -1.000000000000000000 ) ) ;
#1749 = CARTESIAN_POINT ( 'NONE',  ( 5.635004805185592325, -1.652749297350592839, -51.01614744132685075 ) ) ;
#1750 = DIRECTION ( 'NONE',  ( 0.000000000000000000, 1.000000000000000000, -0.000000000000000000 ) ) ;
#1751 = CARTESIAN_POINT ( 'NONE',  ( 4.099999999999962341, 0.000000000000000000, -55.19903837262236124 ) ) ;
#1752 = DIRECTION ( 'NONE',  ( 0.000000000000000000, 0.000000000000000000, 1.000000000000000000 ) ) ;
#1753 = DIRECTION ( 'NONE',  ( 0.000000000000000000, 0.000000000000000000, 1.000000000000000000 ) ) ;
#1754 = AXIS2_PLACEMENT_3D ( 'NONE', #435, #1801, #1544 ) ;
#1755 = ORIENTED_EDGE ( 'NONE', *, *, #2233, .F. ) ;
#1756 = CARTESIAN_POINT ( 'NONE',  ( 5.468392730167217941, -4.470809147603014249E-10, -54.75393914624106628 ) ) ;
#1757 = B_SPLINE_CURVE_WITH_KNOTS ( 'NONE', 3,
 ( #505, #1317, #703, #1282, #1868, #126, #889, #1677, #2455, #2439, #1293, #1728, #170, #1545, #2291, #375, #1949, #975 ),
 .UNSPECIFIED., .F., .F.,
 ( 4, 2, 2, 2, 2, 2, 2, 2, 4 ),
 ( 0.000000000000000000, 0.0004443970574867446609, 0.0008887941149734893218, 0.001333191172460234091, 0.001777588229946978644, 0.002221985287433723196, 0.002666382344920468182, 0.003110779402407212735, 0.003555176459893957287 ),
 .UNSPECIFIED. ) ;
#1758 = EDGE_LOOP ( 'NONE', ( #1658, #637, #955, #1798, #2151, #445, #1816 ) ) ;
#1759 = FACE_BOUND ( 'NONE', #1394, .T. ) ;
#1760 = CARTESIAN_POINT ( 'NONE',  ( 5.635415650406281785, 0.000000000000000000, 1.387778780781445676E-14 ) ) ;
#1761 = EDGE_CURVE ( 'NONE', #2100, #1994, #2471, .T. ) ;
#1762 = VECTOR ( 'NONE', #1692, 1000.000000000000000 ) ;
#1763 = CARTESIAN_POINT ( 'NONE',  ( 5.544261789131166296, -1.726122341927369908, -50.89344720529138044 ) ) ;
#1764 = CARTESIAN_POINT ( 'NONE',  ( 1.857251365703647350, -1.799999999999999822, -50.48040430666357281 ) ) ;
#1765 = CARTESIAN_POINT ( 'NONE',  ( 12.49999999999999112, 1.800000000000000044, -45.94999999999998863 ) ) ;
#1766 = AXIS2_PLACEMENT_3D ( 'NONE', #1898, #896, #1885 ) ;
#1767 = VECTOR ( 'NONE', #1979, 1000.000000000000000 ) ;
#1768 = ORIENTED_EDGE ( 'NONE', *, *, #473, .F. ) ;
#1769 = DIRECTION ( 'NONE',  ( -0.000000000000000000, -1.000000000000000000, -0.000000000000000000 ) ) ;
#1770 = CIRCLE ( 'NONE', #381, 2.500000000000000444 ) ;
#1771 = VERTEX_POINT ( 'NONE', #2444 ) ;
#1772 = DIRECTION ( 'NONE',  ( 0.000000000000000000, -1.000000000000000000, 0.000000000000000000 ) ) ;
#1773 = VERTEX_POINT ( 'NONE', #2069 ) ;
#1774 = CARTESIAN_POINT ( 'NONE',  ( 3.348182890888273811, -2.958512381131519245E-13, -55.19903837262225466 ) ) ;
#1775 = DIRECTION ( 'NONE',  ( 0.000000000000000000, 0.000000000000000000, 1.000000000000000000 ) ) ;
#1776 = CARTESIAN_POINT ( 'NONE',  ( 5.609007510268729568, -1.673506394326904401, -50.97944450792581250 ) ) ;
#1777 = ADVANCED_FACE ( 'NONE', ( #1906 ), #1813, .T. ) ;
#1778 = DIRECTION ( 'NONE',  ( 0.000000000000000000, 1.000000000000000000, -0.000000000000000000 ) ) ;
#1779 = FACE_OUTER_BOUND ( 'NONE', #2462, .T. ) ;
#1780 = EDGE_CURVE ( 'NONE', #1380, #1900, #1492, .T. ) ;
#1781 = DIRECTION ( 'NONE',  ( 0.000000000000000000, 1.000000000000000000, -0.000000000000000000 ) ) ;
#1782 = ORIENTED_EDGE ( 'NONE', *, *, #2111, .F. ) ;
#1783 = CARTESIAN_POINT ( 'NONE',  ( 3.854545454545455829, -0.6963209641470957667, -55.07571301209221559 ) ) ;
#1784 = ORIENTED_EDGE ( 'NONE', *, *, #756, .F. ) ;
#1785 = DIRECTION ( 'NONE',  ( 0.000000000000000000, 1.000000000000000000, -0.000000000000000000 ) ) ;
#1786 = LINE ( 'NONE', #1862, #1926 ) ;
#1787 = CARTESIAN_POINT ( 'NONE',  ( 65.50000000000001421, -0.1001967393157556369, -3.798914467612681811 ) ) ;
#1788 = CARTESIAN_POINT ( 'NONE',  ( 0.9177348233359043927, -0.3811719985114207510, -52.14790318816679360 ) ) ;
#1789 = CYLINDRICAL_SURFACE ( 'NONE', #943, 1.249999999999990674 ) ;
#1790 = AXIS2_PLACEMENT_3D ( 'NONE', #518, #2030, #691 ) ;
#1791 = DIRECTION ( 'NONE',  ( 0.5909090909090913835, -2.650271977186789099E-15, -0.8067381522408564321 ) ) ;
#1792 = FACE_OUTER_BOUND ( 'NONE', #1101, .T. ) ;
#1793 = DIRECTION ( 'NONE',  ( 0.000000000000000000, 1.000000000000000000, -0.000000000000000000 ) ) ;
#1794 = CARTESIAN_POINT ( 'NONE',  ( 5.337580670050322773, -1.951563910473907981E-15, -50.66062584527848855 ) ) ;
#1795 = ADVANCED_FACE ( 'NONE', ( #1517 ), #1504, .F. ) ;
#1796 = EDGE_LOOP ( 'NONE', ( #2294, #1568 ) ) ;
#1797 = CARTESIAN_POINT ( 'NONE',  ( 59.36458434959370578, 0.000000000000000000, 1.387778780781445676E-14 ) ) ;
#1798 = ORIENTED_EDGE ( 'NONE', *, *, #1701, .F. ) ;
#1799 = CARTESIAN_POINT ( 'NONE',  ( 3.499999999999989342, 1.800000000000000044, -53.74999999999999289 ) ) ;
#1800 = CARTESIAN_POINT ( 'NONE',  ( 1.416143857288702179, -1.548538130218255926, -50.94147535491790535 ) ) ;
#1801 = DIRECTION ( 'NONE',  ( -0.000000000000000000, -1.000000000000000000, -0.000000000000000000 ) ) ;
#1802 = LINE ( 'NONE', #57, #2235 ) ;
#1803 = CARTESIAN_POINT ( 'NONE',  ( 3.499999999999996003, -1.500000000000026423, -3.499999999999996003 ) ) ;
#1804 = DIRECTION ( 'NONE',  ( -0.000000000000000000, 1.000000000000000000, -0.000000000000000000 ) ) ;
#1805 = VECTOR ( 'NONE', #1772, 1000.000000000000000 ) ;
#1806 = CARTESIAN_POINT ( 'NONE',  ( 32.49999999999999289, 0.000000000000000000, -1.999999999999984457 ) ) ;
#1807 = CARTESIAN_POINT ( 'NONE',  ( 6.089285717798174957, -1.021795880857159444, -52.73579540200434224 ) ) ;
#1808 = CARTESIAN_POINT ( 'NONE',  ( 60.03872522918137378, -0.3224502770271941987, 1.387778780781445991E-14 ) ) ;
#1809 = AXIS2_PLACEMENT_3D ( 'NONE', #1488, #1893, #328 ) ;
#1810 = ORIENTED_EDGE ( 'NONE', *, *, #455, .T. ) ;
#1811 = EDGE_CURVE ( 'NONE', #1320, #1895, #2482, .T. ) ;
#1812 = CARTESIAN_POINT ( 'NONE',  ( 6.399999999999979927, -4.336808689942017736E-16, -52.63755413130613192 ) ) ;
#1813 = CONICAL_SURFACE ( 'NONE', #2450, 2.600000000000010747, 0.7853981633974428389 ) ;
#1814 = VERTEX_POINT ( 'NONE', #1333 ) ;
#1815 = FACE_OUTER_BOUND ( 'NONE', #2484, .T. ) ;
#1816 = ORIENTED_EDGE ( 'NONE', *, *, #912, .F. ) ;
#1817 = CARTESIAN_POINT ( 'NONE',  ( 52.49999999999999289, 1.800000000000000044, -43.04999999999999005 ) ) ;
#1818 = B_SPLINE_CURVE_WITH_KNOTS ( 'NONE', 3,
 ( #1597, #1749, #2, #1947, #1348, #798, #1776, #2348, #396, #2158, #1362, #1973, #56, #1003, #2361, #2324, #610, #787, #1763, #423, #1556, #39, #1207, #1017, #232, #2135, #1572 ),
 .UNSPECIFIED., .F., .F.,
 ( 4, 1, 1, 1, 2, 2, 2, 1, 2, 2, 1, 2, 2, 2, 2, 4 ),
 ( 0.000000000000000000, 0.06249999999946087570, 0.09374999999917688065, 0.1093749999990492050, 0.1171874999989993976, 0.1249999999989495902, 0.1874999999990174526, 0.2187499999990366040, 0.2343749999990471788, 0.2499999999990577537, 0.3124999999991041610, 0.3437499999991403543, 0.3749999999991765476, 0.4374999999992462696, 0.4999999999993159916, 1.000000000000000000 ),
 .UNSPECIFIED. ) ;
#1819 = FACE_OUTER_BOUND ( 'NONE', #2021, .T. ) ;
#1820 = CARTESIAN_POINT ( 'NONE',  ( 61.49999999999999289, 1.800000000000000044, -3.499999999999996003 ) ) ;
#1821 = DIRECTION ( 'NONE',  ( 8.659560562354888485E-17, 0.7071067811865513475, -0.7071067811865437980 ) ) ;
#1822 = ORIENTED_EDGE ( 'NONE', *, *, #1433, .T. ) ;
#1823 = CARTESIAN_POINT ( 'NONE',  ( 6.089285717798195385, -1.021795880857108374, -52.73579540200411486 ) ) ;
#1824 = EDGE_CURVE ( 'NONE', #1626, #511, #1254, .T. ) ;
#1825 = ORIENTED_EDGE ( 'NONE', *, *, #351, .F. ) ;
#1826 = CARTESIAN_POINT ( 'NONE',  ( 0.9258899190726090911, -0.3756162729033751813, -52.87338119189051611 ) ) ;
#1827 = EDGE_CURVE ( 'NONE', #720, #1900, #1220, .T. ) ;
#1828 = EDGE_CURVE ( 'NONE', #958, #2031, #1510, .T. ) ;
#1829 = ORIENTED_EDGE ( 'NONE', *, *, #2205, .F. ) ;
#1830 = CARTESIAN_POINT ( 'NONE',  ( 61.49999999999999289, 1.800000000000000044, -3.499999999999996003 ) ) ;
#1831 = DIRECTION ( 'NONE',  ( -0.000000000000000000, -1.000000000000000000, -0.000000000000000000 ) ) ;
#1832 = CARTESIAN_POINT ( 'NONE',  ( 3.199999999999978861, 1.800000000000000044, -52.89903837262236408 ) ) ;
#1833 = CARTESIAN_POINT ( 'NONE',  ( 5.597424741499987810, -1.680541163979520247, -50.96171988337085423 ) ) ;
#1834 = VERTEX_POINT ( 'NONE', #2408 ) ;
#1835 = CARTESIAN_POINT ( 'NONE',  ( 6.399999999999951505, -3.211252756490125043E-14, -51.60196025183386581 ) ) ;
#1836 = VERTEX_POINT ( 'NONE', #2383 ) ;
#1837 = CARTESIAN_POINT ( 'NONE',  ( 1.115323438298956527, -1.916909127768061750E-11, -53.88233686116249288 ) ) ;
#1838 = ORIENTED_EDGE ( 'NONE', *, *, #590, .T. ) ;
#1839 = ADVANCED_FACE ( 'NONE', ( #1024 ), #2370, .T. ) ;
#1840 = CIRCLE ( 'NONE', #494, 4.100000000000020961 ) ;
#1841 = CARTESIAN_POINT ( 'NONE',  ( 3.499999999999996003, -1.500000000000026423, -3.499999999999996003 ) ) ;
#1842 = DIRECTION ( 'NONE',  ( 0.000000000000000000, 1.000000000000000000, -0.000000000000000000 ) ) ;
#1843 = CARTESIAN_POINT ( 'NONE',  ( 3.499999999999996003, -1.500000000000026423, -0.8999999999999854783 ) ) ;
#1844 = CARTESIAN_POINT ( 'NONE',  ( 63.00000000000000000, 0.000000000000000000, -6.999999999999998224 ) ) ;
#1845 = VECTOR ( 'NONE', #61, 1000.000000000000000 ) ;
#1846 = ORIENTED_EDGE ( 'NONE', *, *, #2221, .T. ) ;
#1847 = CARTESIAN_POINT ( 'NONE',  ( 61.49999999999999289, 1.800000000000000044, -4.749999999999986677 ) ) ;
#1848 = VECTOR ( 'NONE', #707, 1000.000000000000000 ) ;
#1849 = EDGE_LOOP ( 'NONE', ( #1580, #307, #1416, #2108 ) ) ;
#1850 = EDGE_LOOP ( 'NONE', ( #275, #1940, #382, #2430 ) ) ;
#1851 = CIRCLE ( 'NONE', #2206, 2.500000000000002220 ) ;
#1852 = DIRECTION ( 'NONE',  ( 0.000000000000000000, -0.000000000000000000, -1.000000000000000000 ) ) ;
#1853 = CIRCLE ( 'NONE', #1691, 1.449999999999999956 ) ;
#1854 = ORIENTED_EDGE ( 'NONE', *, *, #502, .F. ) ;
#1855 = DIRECTION ( 'NONE',  ( 0.000000000000000000, 1.000000000000000000, -0.000000000000000000 ) ) ;
#1856 = EDGE_CURVE ( 'NONE', #658, #1724, #329, .T. ) ;
#1857 = FACE_OUTER_BOUND ( 'NONE', #2220, .T. ) ;
#1858 = FACE_OUTER_BOUND ( 'NONE', #499, .T. ) ;
#1859 = CARTESIAN_POINT ( 'NONE',  ( 0.000000000000000000, 0.000000000000000000, -48.99999999999998579 ) ) ;
#1860 = ORIENTED_EDGE ( 'NONE', *, *, #348, .T. ) ;
#1861 = DIRECTION ( 'NONE',  ( 0.000000000000000000, 0.000000000000000000, -1.000000000000000000 ) ) ;
#1862 = CARTESIAN_POINT ( 'NONE',  ( 7.399999999999995026, 1.800000000000000044, -48.99999999999997868 ) ) ;
#1863 = B_SPLINE_CURVE_WITH_KNOTS ( 'NONE', 3,
 ( #238, #1008, #2367, #1420 ),
 .UNSPECIFIED., .F., .F.,
 ( 4, 4 ),
 ( 0.000000000000000000, 1.000000000000000000 ),
 .UNSPECIFIED. ) ;
#1864 = ORIENTED_EDGE ( 'NONE', *, *, #1911, .F. ) ;
#1865 = CARTESIAN_POINT ( 'NONE',  ( 1.098388695923517622, -0.3096578714723371983, -53.50865922293181853 ) ) ;
#1866 = ORIENTED_EDGE ( 'NONE', *, *, #530, .F. ) ;
#1867 = DIRECTION ( 'NONE',  ( 0.000000000000000000, 0.000000000000000000, 1.000000000000000000 ) ) ;
#1868 = CARTESIAN_POINT ( 'NONE',  ( 4.520778554675993988, -0.9694000140733317616, -54.89561468350896689 ) ) ;
#1869 = DIRECTION ( 'NONE',  ( -0.000000000000000000, -1.000000000000000000, -0.000000000000000000 ) ) ;
#1870 = ORIENTED_EDGE ( 'NONE', *, *, #1899, .T. ) ;
#1871 = DIRECTION ( 'NONE',  ( 0.000000000000000000, 0.000000000000000000, -1.000000000000000000 ) ) ;
#1872 = EDGE_CURVE ( 'NONE', #745, #95, #1014, .T. ) ;
#1873 = ORIENTED_EDGE ( 'NONE', *, *, #1249, .T. ) ;
#1874 = CARTESIAN_POINT ( 'NONE',  ( 0.000000000000000000, 1.800000000000000044, -7.000000000000006217 ) ) ;
#1875 = ORIENTED_EDGE ( 'NONE', *, *, #684, .F. ) ;
#1876 = CIRCLE ( 'NONE', #1308, 22.50000000000000355 ) ;
#1877 = LINE ( 'NONE', #2053, #1762 ) ;
#1878 = FACE_OUTER_BOUND ( 'NONE', #1117, .T. ) ;
#1879 = CARTESIAN_POINT ( 'NONE',  ( 63.87555561407825877, 0.000000000000000000, -6.841666578882661831 ) ) ;
#1880 = VERTEX_POINT ( 'NONE', #64 ) ;
#1881 = CARTESIAN_POINT ( 'NONE',  ( 0.9233350116867576896, -0.3616577894897530232, -52.85413384260886005 ) ) ;
#1882 = AXIS2_PLACEMENT_3D ( 'NONE', #2438, #1077, #1487 ) ;
#1883 = EDGE_CURVE ( 'NONE', #210, #948, #407, .T. ) ;
#1884 = ORIENTED_EDGE ( 'NONE', *, *, #912, .T. ) ;
#1885 = DIRECTION ( 'NONE',  ( 0.000000000000000000, 0.000000000000000000, 1.000000000000000000 ) ) ;
#1886 = AXIS2_PLACEMENT_3D ( 'NONE', #719, #2086, #155 ) ;
#1887 = VECTOR ( 'NONE', #1078, 1000.000000000000000 ) ;
#1888 = ADVANCED_FACE ( 'NONE', ( #469 ), #67, .F. ) ;
#1889 = ORIENTED_EDGE ( 'NONE', *, *, #2297, .T. ) ;
#1890 = CARTESIAN_POINT ( 'NONE',  ( 0.8043499364771439231, -0.6104070874508826794, -5.738365797837571058 ) ) ;
#1891 = AXIS2_PLACEMENT_3D ( 'NONE', #554, #1922, #158 ) ;
#1892 = FACE_OUTER_BOUND ( 'NONE', #1224, .T. ) ;
#1893 = DIRECTION ( 'NONE',  ( 0.000000000000000000, -1.000000000000000000, 0.000000000000000000 ) ) ;
#1894 = CARTESIAN_POINT ( 'NONE',  ( 52.49999999999999289, 0.000000000000000000, -5.949999999999990408 ) ) ;
#1895 = VERTEX_POINT ( 'NONE', #973 ) ;
#1896 = DIRECTION ( 'NONE',  ( 0.000000000000000000, 0.000000000000000000, 1.000000000000000000 ) ) ;
#1897 = EDGE_LOOP ( 'NONE', ( #2228, #360, #1889, #1296, #1482 ) ) ;
#1898 = CARTESIAN_POINT ( 'NONE',  ( 63.00000000000000000, 1.800000000000000044, -2.499999999999986233 ) ) ;
#1899 = EDGE_CURVE ( 'NONE', #631, #1320, #2474, .T. ) ;
#1900 = VERTEX_POINT ( 'NONE', #1180 ) ;
#1901 = CARTESIAN_POINT ( 'NONE',  ( 0.4999999999999917843, 1.800000000000000044, 0.000000000000000000 ) ) ;
#1902 = EDGE_CURVE ( 'NONE', #1836, #1834, #809, .T. ) ;
#1903 = CARTESIAN_POINT ( 'NONE',  ( 52.49999999999999289, 1.800000000000000044, -44.49999999999999289 ) ) ;
#1904 = ORIENTED_EDGE ( 'NONE', *, *, #172, .T. ) ;
#1905 = CARTESIAN_POINT ( 'NONE',  ( 5.905564918021793730, -0.3447211756170500685, -50.44539944521952890 ) ) ;
#1906 = FACE_OUTER_BOUND ( 'NONE', #570, .T. ) ;
#1907 = ORIENTED_EDGE ( 'NONE', *, *, #1872, .F. ) ;
#1908 = CARTESIAN_POINT ( 'NONE',  ( 2.277590367070084110, -0.3823397923160241629, -54.79952194541356647 ) ) ;
#1909 = ORIENTED_EDGE ( 'NONE', *, *, #618, .T. ) ;
#1910 = DIRECTION ( 'NONE',  ( 0.5907998150707245433, 0.000000000000000000, -0.8068181818181825449 ) ) ;
#1911 = EDGE_CURVE ( 'NONE', #2375, #1746, #236, .T. ) ;
#1912 = DIRECTION ( 'NONE',  ( -0.000000000000000000, -1.000000000000000000, 0.000000000000000000 ) ) ;
#1913 = CIRCLE ( 'NONE', #1429, 2.500000000000000444 ) ;
#1914 = EDGE_CURVE ( 'NONE', #477, #2457, #1818, .T. ) ;
#1915 = DIRECTION ( 'NONE',  ( 0.000000000000000000, 1.000000000000000000, -0.000000000000000000 ) ) ;
#1916 = CARTESIAN_POINT ( 'NONE',  ( 1.759942249365799682, -0.8210609308632249581, -54.43830064093935306 ) ) ;
#1917 = UNCERTAINTY_MEASURE_WITH_UNIT (LENGTH_MEASURE( 1.000000000000000082E-05 ), #2126, 'distance_accuracy_value', 'NONE');
#1918 = ORIENTED_EDGE ( 'NONE', *, *, #1208, .T. ) ;
#1919 = DIRECTION ( 'NONE',  ( 0.000000000000000000, 1.000000000000000000, 0.000000000000000000 ) ) ;
#1920 = ORIENTED_EDGE ( 'NONE', *, *, #575, .T. ) ;
#1921 = AXIS2_PLACEMENT_3D ( 'NONE', #763, #186, #1753 ) ;
#1922 = DIRECTION ( 'NONE',  ( 0.000000000000000000, 1.000000000000000000, 0.000000000000000000 ) ) ;
#1923 = AXIS2_PLACEMENT_3D ( 'NONE', #2312, #2477, #2102 ) ;
#1924 = DIRECTION ( 'NONE',  ( 0.000000000000000000, 0.000000000000000000, 1.000000000000000000 ) ) ;
#1925 = EDGE_CURVE ( 'NONE', #1371, #563, #1913, .T. ) ;
#1926 = VECTOR ( 'NONE', #2377, 1000.000000000000000 ) ;
#1927 = LINE ( 'NONE', #1740, #2318 ) ;
#1928 = CARTESIAN_POINT ( 'NONE',  ( 1.880236483087965427, -0.8247883853182170766, -54.53999965136708994 ) ) ;
#1929 = CARTESIAN_POINT ( 'NONE',  ( 0.4999999999999917843, 1.800000000000000044, -2.499999999999986233 ) ) ;
#1930 = ADVANCED_FACE ( 'NONE', ( #1402 ), #2174, .F. ) ;
#1931 = ORIENTED_EDGE ( 'NONE', *, *, #551, .F. ) ;
#1932 = CARTESIAN_POINT ( 'NONE',  ( 5.160971833408842357, -1.113487165299723136, -54.50562698403598461 ) ) ;
#1933 = ORIENTED_EDGE ( 'NONE', *, *, #636, .F. ) ;
#1934 = FACE_BOUND ( 'NONE', #1035, .T. ) ;
#1935 = DIRECTION ( 'NONE',  ( -1.000000000000000000, 0.000000000000000000, 0.000000000000000000 ) ) ;
#1936 = CARTESIAN_POINT ( 'NONE',  ( 5.369986783882930048, -0.2999575029644798163, -50.68967118234648694 ) ) ;
#1937 = LINE ( 'NONE', #2136, #2037 ) ;
#1938 = CARTESIAN_POINT ( 'NONE',  ( 0.8999999999999780398, -0.08504841094598011852, -52.57857375818853995 ) ) ;
#1939 = CARTESIAN_POINT ( 'NONE',  ( 5.186211117434233131, -0.2245540089150939445, -7.000000000000006217 ) ) ;
#1940 = ORIENTED_EDGE ( 'NONE', *, *, #188, .T. ) ;
#1941 = ORIENTED_EDGE ( 'NONE', *, *, #2070, .F. ) ;
#1942 = EDGE_CURVE ( 'NONE', #1773, #658, #1937, .T. ) ;
#1943 = CARTESIAN_POINT ( 'NONE',  ( 4.406141716127464747, -0.9342850936723362532, -54.94119460802608756 ) ) ;
#1944 = ORIENTED_EDGE ( 'NONE', *, *, #788, .T. ) ;
#1945 = LINE ( 'NONE', #1001, #2087 ) ;
#1946 = CYLINDRICAL_SURFACE ( 'NONE', #60, 1.250000000000001110 ) ;
#1947 = CARTESIAN_POINT ( 'NONE',  ( 5.617901705986975358, -1.666227606889702395, -50.99184363599625414 ) ) ;
#1948 = DIRECTION ( 'NONE',  ( -0.000000000000000000, -1.000000000000000000, -0.000000000000000000 ) ) ;
#1949 = CARTESIAN_POINT ( 'NONE',  ( 6.075995376122611979, -1.054414148153440811, -52.88173756878415332 ) ) ;
#1950 = AXIS2_PLACEMENT_3D ( 'NONE', #1244, #1216, #1605 ) ;
#1951 = CIRCLE ( 'NONE', #87, 2.500000000000000000 ) ;
#1952 = ORIENTED_EDGE ( 'NONE', *, *, #696, .F. ) ;
#1953 = DIRECTION ( 'NONE',  ( 0.000000000000000000, 0.000000000000000000, 1.000000000000000000 ) ) ;
#1954 = EDGE_LOOP ( 'NONE', ( #135, #710, #2425, #2298 ) ) ;
#1955 = DIRECTION ( 'NONE',  ( -0.000000000000000000, 1.000000000000000000, -0.000000000000000000 ) ) ;
#1956 = ADVANCED_FACE ( 'NONE', ( #425 ), #2350, .F. ) ;
#1957 = ORIENTED_EDGE ( 'NONE', *, *, #2506, .F. ) ;
#1958 = FACE_BOUND ( 'NONE', #919, .T. ) ;
#1959 = DIRECTION ( 'NONE',  ( 0.000000000000000000, 0.000000000000000000, -1.000000000000000000 ) ) ;
#1960 = AXIS2_PLACEMENT_3D ( 'NONE', #2144, #1178, #419 ) ;
#1961 = CARTESIAN_POINT ( 'NONE',  ( 65.50000000000000000, 0.000000000000000000, -4.400000000000061640 ) ) ;
#1962 = CYLINDRICAL_SURFACE ( 'NONE', #1267, 1.249999999999990674 ) ;
#1963 = CARTESIAN_POINT ( 'NONE',  ( 61.49999999999999289, -0.6000000000000254019, -6.999999999999998224 ) ) ;
#1964 = AXIS2_PLACEMENT_3D ( 'NONE', #35, #1955, #605 ) ;
#1965 = CARTESIAN_POINT ( 'NONE',  ( 61.49999999999999289, -5.700000000000000178, -0.8999999999999854783 ) ) ;
#1966 = CARTESIAN_POINT ( 'NONE',  ( 63.00000000000000000, 0.000000000000000000, -2.499999999999986233 ) ) ;
#1967 = CIRCLE ( 'NONE', #424, 2.500000000000000444 ) ;
#1968 = EDGE_LOOP ( 'NONE', ( #522, #2401, #1163, #180, #1933 ) ) ;
#1969 = CARTESIAN_POINT ( 'NONE',  ( 5.078026641054933066, -1.572637763715087498E-10, -54.98603560922119016 ) ) ;
#1970 = ORIENTED_EDGE ( 'NONE', *, *, #696, .T. ) ;
#1971 = LINE ( 'NONE', #26, #661 ) ;
#1972 = CARTESIAN_POINT ( 'NONE',  ( 1.948072217215655488, -0.1766266702381360520, -50.40369267022582989 ) ) ;
#1973 = CARTESIAN_POINT ( 'NONE',  ( 5.589720388830135889, -1.689620159674160682, -50.95302096784679691 ) ) ;
#1974 = ADVANCED_FACE ( 'NONE', ( #992 ), #1962, .F. ) ;
#1975 = EDGE_CURVE ( 'NONE', #2436, #739, #1363, .T. ) ;
#1976 = FACE_OUTER_BOUND ( 'NONE', #921, .T. ) ;
#1977 = LINE ( 'NONE', #627, #309 ) ;
#1978 = LINE ( 'NONE', #252, #1845 ) ;
#1979 = DIRECTION ( 'NONE',  ( -0.000000000000000000, -1.000000000000000000, -0.000000000000000000 ) ) ;
#1980 = CARTESIAN_POINT ( 'NONE',  ( 5.725257243795206286, -1.586005014913054678, -51.14686089285743265 ) ) ;
#1981 = ORIENTED_EDGE ( 'NONE', *, *, #869, .T. ) ;
#1982 = CARTESIAN_POINT ( 'NONE',  ( 4.861859817764622171, -0.4680022206855355416, -54.72015789727795720 ) ) ;
#1983 = ORIENTED_EDGE ( 'NONE', *, *, #850, .F. ) ;
#1984 = CARTESIAN_POINT ( 'NONE',  ( 3.500000000000022649, -0.6000000000003800071, -7.000000000000006217 ) ) ;
#1985 = FACE_OUTER_BOUND ( 'NONE', #1066, .T. ) ;
#1986 = CARTESIAN_POINT ( 'NONE',  ( 5.350546470617765671, -0.2169429239118051134, -50.67269303014125370 ) ) ;
#1987 = CARTESIAN_POINT ( 'NONE',  ( 0.8999999999999789280, 0.000000000000000000, -52.49999999999999289 ) ) ;
#1988 = DIRECTION ( 'NONE',  ( -0.000000000000000000, 1.000000000000000000, -0.000000000000000000 ) ) ;
#1989 = ADVANCED_FACE ( 'NONE', ( #1976 ), #2380, .F. ) ;
#1990 = DIRECTION ( 'NONE',  ( -2.991894644029227514E-16, 0.000000000000000000, -1.000000000000000000 ) ) ;
#1991 = DIRECTION ( 'NONE',  ( 0.000000000000000000, 0.000000000000000000, 1.000000000000000000 ) ) ;
#1992 = CARTESIAN_POINT ( 'NONE',  ( 2.999999999999992006, -0.5644660940672791005, -7.000000000000006217 ) ) ;
#1993 = CARTESIAN_POINT ( 'NONE',  ( 61.49999999999999289, -0.6000000000000176303, 1.387778780781445676E-14 ) ) ;
#1994 = VERTEX_POINT ( 'NONE', #1418 ) ;
#1995 = CARTESIAN_POINT ( 'NONE',  ( 5.464530914866768008, -0.4087944254500303076, -50.76924851047627385 ) ) ;
#1996 = EDGE_LOOP ( 'NONE', ( #1059, #748 ) ) ;
#1997 = CARTESIAN_POINT ( 'NONE',  ( 5.639547917026626500, -1.649389495743511791, -51.02272727272608677 ) ) ;
#1998 = CARTESIAN_POINT ( 'NONE',  ( 6.399999999999979927, 1.800000000000000044, -49.99999999999998579 ) ) ;
#1999 = VERTEX_POINT ( 'NONE', #1004 ) ;
#2000 = CARTESIAN_POINT ( 'NONE',  ( 60.13962736269162690, -0.3586514289176411241, -6.999999999999999112 ) ) ;
#2001 = DIRECTION ( 'NONE',  ( -0.000000000000000000, -1.000000000000000000, 0.000000000000000000 ) ) ;
#2002 = AXIS2_PLACEMENT_3D ( 'NONE', #52, #2182, #685 ) ;
#2003 = LINE ( 'NONE', #440, #983 ) ;
#2004 = DIRECTION ( 'NONE',  ( 0.000000000000000000, 0.000000000000000000, 1.000000000000000000 ) ) ;
#2005 = DIRECTION ( 'NONE',  ( 0.000000000000000000, 0.000000000000000000, 1.000000000000000000 ) ) ;
#2006 = EDGE_CURVE ( 'NONE', #1052, #189, #974, .T. ) ;
#2007 = ORIENTED_EDGE ( 'NONE', *, *, #159, .F. ) ;
#2008 = CARTESIAN_POINT ( 'NONE',  ( 6.400000000000002132, 3.407132263113390585E-14, -51.85369621741501334 ) ) ;
#2009 = EDGE_CURVE ( 'NONE', #1551, #212, #411, .T. ) ;
#2010 = CIRCLE ( 'NONE', #1319, 4.100000000000020961 ) ;
#2011 = EDGE_CURVE ( 'NONE', #945, #1895, #1876, .T. ) ;
#2012 = ORIENTED_EDGE ( 'NONE', *, *, #987, .T. ) ;
#2013 = CARTESIAN_POINT ( 'NONE',  ( 7.999999999999989342, 1.800000000000000044, -9.500000000000007105 ) ) ;
#2014 = CARTESIAN_POINT ( 'NONE',  ( 7.999999999999991118, 1.800000000000000044, -8.496604780294556305E-16 ) ) ;
#2015 = APPLICATION_CONTEXT ( 'automotive_design' ) ;
#2016 = ORIENTED_EDGE ( 'NONE', *, *, #2011, .T. ) ;
#2017 = DIRECTION ( 'NONE',  ( 0.000000000000000000, 0.000000000000000000, 1.000000000000000000 ) ) ;
#2018 = DIRECTION ( 'NONE',  ( -1.000000000000000000, 0.000000000000000000, -0.000000000000000000 ) ) ;
#2019 = CARTESIAN_POINT ( 'NONE',  ( 6.976999537676800145, 1.800000000000000044, -43.94910121955330595 ) ) ;
#2020 = CARTESIAN_POINT ( 'NONE',  ( 5.499999999999990230, 1.800000000000000044, -9.500000000000007105 ) ) ;
#2021 = EDGE_LOOP ( 'NONE', ( #1768, #36, #2114, #2460 ) ) ;
#2022 = CARTESIAN_POINT ( 'NONE',  ( 6.399999999999906208, -3.198585767280546773E-14, -50.20992076353432054 ) ) ;
#2023 = EDGE_CURVE ( 'NONE', #1746, #2269, #1840, .T. ) ;
#2024 = ORIENTED_EDGE ( 'NONE', *, *, #869, .F. ) ;
#2025 = CYLINDRICAL_SURFACE ( 'NONE', #1441, 1.250000000000001110 ) ;
#2026 = ORIENTED_EDGE ( 'NONE', *, *, #219, .F. ) ;
#2027 = CARTESIAN_POINT ( 'NONE',  ( 52.49999999999999289, 1.800000000000000044, -4.499999999999990230 ) ) ;
#2028 = CARTESIAN_POINT ( 'NONE',  ( 0.8999999999999750422, 1.800000000000000044, -48.90621606661920140 ) ) ;
#2029 = CARTESIAN_POINT ( 'NONE',  ( 54.49999999999998579, 1.800000000000000044, -48.99999999999998579 ) ) ;
#2030 = DIRECTION ( 'NONE',  ( 0.000000000000000000, 1.000000000000000000, -0.000000000000000000 ) ) ;
#2031 = VERTEX_POINT ( 'NONE', #2326 ) ;
#2032 = CARTESIAN_POINT ( 'NONE',  ( 6.399999999999955058, -3.407132263113386798E-14, -52.37619102988293207 ) ) ;
#2033 = AXIS2_PLACEMENT_3D ( 'NONE', #2020, #815, #855 ) ;
#2034 = VERTEX_POINT ( 'NONE', #1169 ) ;
#2035 = CARTESIAN_POINT ( 'NONE',  ( 0.9151168463735548375, -3.326603989669119959E-10, -53.17164011682049107 ) ) ;
#2036 = EDGE_CURVE ( 'NONE', #185, #948, #29, .T. ) ;
#2037 = VECTOR ( 'NONE', #397, 1000.000000000000000 ) ;
#2038 = ORIENTED_EDGE ( 'NONE', *, *, #2066, .T. ) ;
#2039 =( LENGTH_UNIT ( ) NAMED_UNIT ( * ) SI_UNIT ( .MILLI., .METRE. ) );
#2040 = FACE_OUTER_BOUND ( 'NONE', #142, .T. ) ;
#2041 = FACE_OUTER_BOUND ( 'NONE', #1521, .T. ) ;
#2042 = CARTESIAN_POINT ( 'NONE',  ( 3.166744297913482775, -0.5880472988230434073, 1.387778780781445676E-14 ) ) ;
#2043 = VECTOR ( 'NONE', #1821, 1000.000000000000000 ) ;
#2044 = CIRCLE ( 'NONE', #541, 1.449999999999999956 ) ;
#2045 = ORIENTED_EDGE ( 'NONE', *, *, #956, .F. ) ;
#2046 = CARTESIAN_POINT ( 'NONE',  ( 7.399999999999995026, 0.000000000000000000, -48.99999999999997868 ) ) ;
#2047 = CIRCLE ( 'NONE', #1921, 1.250000000000000222 ) ;
#2048 = ORIENTED_EDGE ( 'NONE', *, *, #1638, .F. ) ;
#2049 = DIRECTION ( 'NONE',  ( 0.000000000000000000, 1.000000000000000000, -0.000000000000000000 ) ) ;
#2050 = CIRCLE ( 'NONE', #2371, 1.449999999999999956 ) ;
#2051 = ORIENTED_EDGE ( 'NONE', *, *, #1381, .F. ) ;
#2052 = EDGE_CURVE ( 'NONE', #1895, #945, #498, .T. ) ;
#2053 = CARTESIAN_POINT ( 'NONE',  ( 0.8999999999999791500, 0.000000000000000000, -52.89903837262234276 ) ) ;
#2054 = DIRECTION ( 'NONE',  ( 0.000000000000000000, 0.000000000000000000, -1.000000000000000000 ) ) ;
#2055 = DIRECTION ( 'NONE',  ( 0.000000000000000000, 1.000000000000000000, 0.000000000000000000 ) ) ;
#2056 = ORIENTED_EDGE ( 'NONE', *, *, #1589, .F. ) ;
#2057 = DIRECTION ( 'NONE',  ( 0.000000000000000000, 0.7071067811865513475, 0.7071067811865437980 ) ) ;
#2058 = VERTEX_POINT ( 'NONE', #1584 ) ;
#2059 = CARTESIAN_POINT ( 'NONE',  ( 3.322727272727264314, -0.6176225609647754133, -55.09394957163112849 ) ) ;
#2060 = B_SPLINE_CURVE_WITH_KNOTS ( 'NONE', 3,
 ( #1503, #520, #130, #1681, #2480, #1297, #2094, #1530 ),
 .UNSPECIFIED., .F., .F.,
 ( 4, 2, 2, 4 ),
 ( 0.000000000000000000, 0.0005077323973519412776, 0.001015464794703881254, 0.002030929589407761207 ),
 .UNSPECIFIED. ) ;
#2061 = EDGE_LOOP ( 'NONE', ( #2056, #525 ) ) ;
#2062 = LINE ( 'NONE', #1690, #946 ) ;
#2063 = CARTESIAN_POINT ( 'NONE',  ( 3.499999999999996003, 1.800000000000000044, -2.249999999999996003 ) ) ;
#2064 = PLANE ( 'NONE',  #664 ) ;
#2065 = LINE ( 'NONE', #1100, #686 ) ;
#2066 = EDGE_CURVE ( 'NONE', #631, #945, #1802, .T. ) ;
#2067 = ORIENTED_EDGE ( 'NONE', *, *, #2268, .F. ) ;
#2068 = CARTESIAN_POINT ( 'NONE',  ( 61.49999999999999289, -1.500000000000026423, -0.8999999999999854783 ) ) ;
#2069 = CARTESIAN_POINT ( 'NONE',  ( 5.635415650406281785, 0.000000000000000000, 1.387778780781445676E-14 ) ) ;
#2070 = EDGE_CURVE ( 'NONE', #72, #1531, #1020, .T. ) ;
#2071 = ORIENTED_EDGE ( 'NONE', *, *, #618, .F. ) ;
#2072 = CYLINDRICAL_SURFACE ( 'NONE', #1886, 1.449999999999999956 ) ;
#2073 = EDGE_LOOP ( 'NONE', ( #132, #1424, #335, #1854, #34, #1864, #2386, #443, #762, #1494 ) ) ;
#2074 = CARTESIAN_POINT ( 'NONE',  ( 12.49999999999999289, 0.000000000000000000, -3.049999999999990052 ) ) ;
#2075 = VECTOR ( 'NONE', #773, 1000.000000000000000 ) ;
#2076 = DIRECTION ( 'NONE',  ( 0.000000000000000000, 0.000000000000000000, -1.000000000000000000 ) ) ;
#2077 = CARTESIAN_POINT ( 'NONE',  ( 3.499999999999996003, -5.700000000000000178, -3.499999999999996003 ) ) ;
#2078 = CARTESIAN_POINT ( 'NONE',  ( 5.499999999999986677, 1.800000000000000044, -41.93205576500784559 ) ) ;
#2079 = ORIENTED_EDGE ( 'NONE', *, *, #680, .F. ) ;
#2080 = EDGE_CURVE ( 'NONE', #1383, #1328, #1157, .T. ) ;
#2081 = CARTESIAN_POINT ( 'NONE',  ( 1.538674969451617747, -0.8012400916744113477, -54.21406373124002442 ) ) ;
#2082 = TOROIDAL_SURFACE ( 'NONE', #300, 4.400000000000011902, 1.800000000000000044 ) ;
#2083 = ORIENTED_EDGE ( 'NONE', *, *, #1541, .T. ) ;
#2084 = EDGE_CURVE ( 'NONE', #898, #1383, #2115, .T. ) ;
#2085 = EDGE_CURVE ( 'NONE', #1674, #356, #1709, .T. ) ;
#2086 = DIRECTION ( 'NONE',  ( -0.000000000000000000, -1.000000000000000000, -0.000000000000000000 ) ) ;
#2087 = VECTOR ( 'NONE', #433, 1000.000000000000000 ) ;
#2088 = CIRCLE ( 'NONE', #782, 1.799999999999999378 ) ;
#2089 = ORIENTED_EDGE ( 'NONE', *, *, #172, .F. ) ;
#2090 = DIRECTION ( 'NONE',  ( -0.000000000000000000, 1.000000000000000000, -0.000000000000000000 ) ) ;
#2091 = CYLINDRICAL_SURFACE ( 'NONE', #465, 1.449999999999999956 ) ;
#2092 = CARTESIAN_POINT ( 'NONE',  ( 3.675928053579269772, -0.6000000000000157430, -7.000000000000008882 ) ) ;
#2093 = ORIENTED_EDGE ( 'NONE', *, *, #1365, .F. ) ;
#2094 = CARTESIAN_POINT ( 'NONE',  ( 0.4999999999999917843, -1.040602196073788344, -2.825334671075841353 ) ) ;
#2095 = DIRECTION ( 'NONE',  ( 0.000000000000000000, 0.000000000000000000, 1.000000000000000000 ) ) ;
#2096 = DIRECTION ( 'NONE',  ( -0.000000000000000000, -1.000000000000000000, -0.000000000000000000 ) ) ;
#2097 = ORIENTED_EDGE ( 'NONE', *, *, #2251, .T. ) ;
#2098 = CARTESIAN_POINT ( 'NONE',  ( 1.662528190983237231, 3.791186418103128643E-11, -54.61653435784240429 ) ) ;
#2099 = EDGE_CURVE ( 'NONE', #1542, #1880, #1230, .T. ) ;
#2100 = VERTEX_POINT ( 'NONE', #1516 ) ;
#2101 = DIRECTION ( 'NONE',  ( 0.000000000000000000, 0.000000000000000000, 1.000000000000000000 ) ) ;
#2102 = DIRECTION ( 'NONE',  ( 0.000000000000000000, 0.000000000000000000, -1.000000000000000000 ) ) ;
#2103 = DIRECTION ( 'NONE',  ( 1.000000000000000000, 0.000000000000000000, -1.086151187700412397E-16 ) ) ;
#2104 = EDGE_LOOP ( 'NONE', ( #616, #1838, #2300, #2079 ) ) ;
#2105 = CARTESIAN_POINT ( 'NONE',  ( 2.999999999999992006, -0.5644660940672791005, 1.387778780781445676E-14 ) ) ;
#2106 = ORIENTED_EDGE ( 'NONE', *, *, #1144, .F. ) ;
#2107 = DIRECTION ( 'NONE',  ( 0.000000000000000000, 0.000000000000000000, 1.000000000000000000 ) ) ;
#2108 = ORIENTED_EDGE ( 'NONE', *, *, #2173, .T. ) ;
#2109 = EDGE_CURVE ( 'NONE', #2488, #260, #259, .T. ) ;
#2110 = LINE ( 'NONE', #1141, #1611 ) ;
#2111 = EDGE_CURVE ( 'NONE', #1880, #910, #358, .T. ) ;
#2112 = CARTESIAN_POINT ( 'NONE',  ( 0.8999999999999783729, 0.000000000000000000, -52.49999999999999289 ) ) ;
#2113 = CARTESIAN_POINT ( 'NONE',  ( 4.865380401788859110, -0.3566372161764398974, -7.000000000000006217 ) ) ;
#2114 = ORIENTED_EDGE ( 'NONE', *, *, #1145, .T. ) ;
#2115 = CIRCLE ( 'NONE', #378, 2.300000000000003375 ) ;
#2116 = ORIENTED_EDGE ( 'NONE', *, *, #1827, .F. ) ;
#2117 = DIRECTION ( 'NONE',  ( 0.000000000000000000, 0.000000000000000000, -1.000000000000000000 ) ) ;
#2118 = ORIENTED_EDGE ( 'NONE', *, *, #2052, .F. ) ;
#2119 = VECTOR ( 'NONE', #746, 1000.000000000000000 ) ;
#2120 = LINE ( 'NONE', #1315, #2283 ) ;
#2121 = DIRECTION ( 'NONE',  ( -1.000000000000000000, 0.000000000000000000, 0.000000000000000000 ) ) ;
#2122 = AXIS2_PLACEMENT_3D ( 'NONE', #2254, #539, #902 ) ;
#2123 = CARTESIAN_POINT ( 'NONE',  ( 6.609751903162080389, 0.000000000000000000, -49.38721296893284318 ) ) ;
#2124 = AXIS2_PLACEMENT_3D ( 'NONE', #2197, #1033, #1959 ) ;
#2125 = DIRECTION ( 'NONE',  ( 0.000000000000000000, 0.000000000000000000, 1.000000000000000000 ) ) ;
#2126 =( LENGTH_UNIT ( ) NAMED_UNIT ( * ) SI_UNIT ( .MILLI., .METRE. ) );
#2127 = VECTOR ( 'NONE', #930, 1000.000000000000000 ) ;
#2128 = EDGE_CURVE ( 'NONE', #272, #1119, #735, .T. ) ;
#2129 = DIRECTION ( 'NONE',  ( 0.000000000000000000, -1.000000000000000000, 0.000000000000000000 ) ) ;
#2130 = ORIENTED_EDGE ( 'NONE', *, *, #1365, .T. ) ;
#2131 = CARTESIAN_POINT ( 'NONE',  ( 3.971726895382035050, -0.3324277157400912786, -55.05958305234489103 ) ) ;
#2132 = ORIENTED_EDGE ( 'NONE', *, *, #470, .F. ) ;
#2133 = DIRECTION ( 'NONE',  ( 0.000000000000000000, 1.000000000000000000, -0.000000000000000000 ) ) ;
#2134 = DIRECTION ( 'NONE',  ( -0.000000000000000000, -1.000000000000000000, 0.000000000000000000 ) ) ;
#2135 = CARTESIAN_POINT ( 'NONE',  ( 5.394283845208470929, -1.799999996349954889, -50.71727373191625787 ) ) ;
#2136 = CARTESIAN_POINT ( 'NONE',  ( 0.000000000000000000, 0.000000000000000000, 1.387778780781445676E-14 ) ) ;
#2137 = DIRECTION ( 'NONE',  ( 1.086151187700412521E-16, 0.000000000000000000, 1.000000000000000000 ) ) ;
#2138 = CARTESIAN_POINT ( 'NONE',  ( 0.8178148905245516964, -0.6151428482057801350, -1.269319694465035120 ) ) ;
#2139 = DIRECTION ( 'NONE',  ( -1.000000000000000000, 0.000000000000000000, 0.000000000000000000 ) ) ;
#2140 = ADVANCED_FACE ( 'NONE', ( #1588 ), #615, .F. ) ;
#2141 = ORIENTED_EDGE ( 'NONE', *, *, #402, .F. ) ;
#2142 = CARTESIAN_POINT ( 'NONE',  ( 56.99999999999999289, 0.000000000000000000, -9.499999999999998224 ) ) ;
#2143 = ORIENTED_EDGE ( 'NONE', *, *, #1575, .T. ) ;
#2144 = CARTESIAN_POINT ( 'NONE',  ( 52.49999999999999289, 0.000000000000000000, -44.49999999999999289 ) ) ;
#2145 = CARTESIAN_POINT ( 'NONE',  ( 0.8999999999999795941, 0.000000000000000000, -49.06409938270648041 ) ) ;
#2146 = CARTESIAN_POINT ( 'NONE',  ( 6.442069087986904918, 0.000000000000000000, -49.70671584970961021 ) ) ;
#2147 = DIRECTION ( 'NONE',  ( 1.000000000000000000, -0.000000000000000000, 0.000000000000000000 ) ) ;
#2148 = CARTESIAN_POINT ( 'NONE',  ( 61.49999999999999289, -0.6000000000000254019, -6.999999999999998224 ) ) ;
#2149 = ORIENTED_EDGE ( 'NONE', *, *, #651, .T. ) ;
#2150 = CARTESIAN_POINT ( 'NONE',  ( 6.072233977818315864, -1.063435732176171822, -52.08832097475632850 ) ) ;
#2151 = ORIENTED_EDGE ( 'NONE', *, *, #1058, .F. ) ;
#2152 = DIRECTION ( 'NONE',  ( -0.000000000000000000, -1.000000000000000000, -0.000000000000000000 ) ) ;
#2153 = EDGE_CURVE ( 'NONE', #2494, #128, #2353, .T. ) ;
#2154 = ORIENTED_EDGE ( 'NONE', *, *, #351, .T. ) ;
#2155 = CARTESIAN_POINT ( 'NONE',  ( 3.859236447495541622, -0.3126848147419537538, -55.07902188987434045 ) ) ;
#2156 = DIRECTION ( 'NONE',  ( 0.000000000000000000, 1.000000000000000000, -0.000000000000000000 ) ) ;
#2157 = VECTOR ( 'NONE', #1663, 1000.000000000000000 ) ;
#2158 = CARTESIAN_POINT ( 'NONE',  ( 5.602941464741256539, -1.678570776089655103, -50.97103820421334319 ) ) ;
#2159 = CARTESIAN_POINT ( 'NONE',  ( 32.49999999999999289, 0.000000000000000000, -24.49999999999998579 ) ) ;
#2160 = CARTESIAN_POINT ( 'NONE',  ( 32.49999999999999289, 1.800000000000000044, -24.49999999999998579 ) ) ;
#2161 = VECTOR ( 'NONE', #2057, 1000.000000000000000 ) ;
#2162 = AXIS2_PLACEMENT_3D ( 'NONE', #1049, #829, #280 ) ;
#2163 = CARTESIAN_POINT ( 'NONE',  ( 3.499999999999989342, -5.700000000000000178, -51.24999999999999289 ) ) ;
#2164 = FACE_OUTER_BOUND ( 'NONE', #1849, .T. ) ;
#2165 = CARTESIAN_POINT ( 'NONE',  ( 3.499999999999996447, -1.500000000000026423, -6.100000000000006750 ) ) ;
#2166 = PRESENTATION_LAYER_ASSIGNMENT (  '', '', ( #904 ) ) ;
#2167 =( BOUNDED_SURFACE ( )  B_SPLINE_SURFACE ( 3, 2, ( 
 ( #913, #1703, #723 ),
 ( #1613, #785, #1774 ),
 ( #37, #2358, #1360 ),
 ( #1569, #2334, #608 ),
 ( #1384, #2155, #204 ),
 ( #595, #405, #538 ) ),
 .UNSPECIFIED., .F., .F., .F. ) 
 B_SPLINE_SURFACE_WITH_KNOTS ( ( 4, 2, 4 ),
 ( 3, 3 ),
 ( 0.006909212430979426271, 0.007365753533864231525, 0.007822294636749035912 ),
 ( 0.000000000000000000, 1.000000000000000000 ),
 .UNSPECIFIED. ) 
 GEOMETRIC_REPRESENTATION_ITEM ( )  RATIONAL_B_SPLINE_SURFACE ( (
 ( 1.000000000000000000, 0.9841505052700721956, 1.000000000000000000),
 ( 1.000000000000000000, 0.9861626509169205690, 1.000000000000000000),
 ( 1.000000000000000000, 0.9866552602224542001, 1.000000000000000000),
 ( 1.000000000000000000, 0.9845562105477553283, 1.000000000000000000),
 ( 1.000000000000000000, 0.9820152912387660749, 1.000000000000000000),
 ( 1.000000000000000000, 0.9781438722967376043, 1.000000000000000000) ) ) 
 REPRESENTATION_ITEM ( '' )  SURFACE ( )  );
#2168 = ORIENTED_EDGE ( 'NONE', *, *, #1175, .T. ) ;
#2169 = CARTESIAN_POINT ( 'NONE',  ( 5.797326356684087578, -0.5006936903072092271, -53.72531842688864856 ) ) ;
#2170 = ORIENTED_EDGE ( 'NONE', *, *, #159, .T. ) ;
#2171 = CARTESIAN_POINT ( 'NONE',  ( 0.4999999999999917843, 1.800000000000000044, -2.499999999999986233 ) ) ;
#2172 = CARTESIAN_POINT ( 'NONE',  ( 1.626274866124957308, -1.712758082440492879, -50.69407105992939933 ) ) ;
#2173 = EDGE_CURVE ( 'NONE', #966, #2231, #1111, .T. ) ;
#2174 = CYLINDRICAL_SURFACE ( 'NONE', #1754, 1.250000000000000222 ) ;
#2175 = DIRECTION ( 'NONE',  ( 0.000000000000000000, 0.000000000000000000, 1.000000000000000000 ) ) ;
#2176 = CARTESIAN_POINT ( 'NONE',  ( 59.50000000000000000, -0.06887112585074808835, -6.999999999999998224 ) ) ;
#2177 = DIRECTION ( 'NONE',  ( -0.000000000000000000, 1.000000000000000000, -0.000000000000000000 ) ) ;
#2178 = CARTESIAN_POINT ( 'NONE',  ( 59.36458434959370578, 0.000000000000000000, 1.387778780781445676E-14 ) ) ;
#2179 = ORIENTED_EDGE ( 'NONE', *, *, #1811, .F. ) ;
#2180 = FACE_OUTER_BOUND ( 'NONE', #601, .T. ) ;
#2181 = EDGE_LOOP ( 'NONE', ( #89, #323, #816, #1431 ) ) ;
#2182 = DIRECTION ( 'NONE',  ( 0.9421342841843984850, -0.3091358666828877833, 0.1296842569264713141 ) ) ;
#2183 = CARTESIAN_POINT ( 'NONE',  ( 0.4999999999999917843, -0.9377223398316443248, -2.499999999999986233 ) ) ;
#2184 = APPLICATION_CONTEXT ( 'automotive_design' ) ;
#2185 = ORIENTED_EDGE ( 'NONE', *, *, #939, .T. ) ;
#2186 = EDGE_CURVE ( 'NONE', #2058, #414, #1392, .T. ) ;
#2187 = DIRECTION ( 'NONE',  ( 0.000000000000000000, 0.000000000000000000, -1.000000000000000000 ) ) ;
#2188 = FACE_OUTER_BOUND ( 'NONE', #548, .T. ) ;
#2189 = ADVANCED_FACE ( 'NONE', ( #630 ), #429, .F. ) ;
#2190 = CARTESIAN_POINT ( 'NONE',  ( 5.499999999999986677, 0.000000000000000000, -41.93205576500784559 ) ) ;
#2191 = LINE ( 'NONE', #468, #1673 ) ;
#2192 = VECTOR ( 'NONE', #1678, 1000.000000000000000 ) ;
#2193 = VERTEX_POINT ( 'NONE', #1186 ) ;
#2194 = CARTESIAN_POINT ( 'NONE',  ( 5.639547917025765855, -1.649389495744606249, -51.02272727272492148 ) ) ;
#2195 = ORIENTED_EDGE ( 'NONE', *, *, #2128, .T. ) ;
#2196 = CARTESIAN_POINT ( 'NONE',  ( 0.9833002793703078392, -0.2444440614191967509, -53.16062390319533648 ) ) ;
#2197 = CARTESIAN_POINT ( 'NONE',  ( 2.999999999999992006, 1.800000000000000044, -4.500000000000005329 ) ) ;
#2198 = ORIENTED_EDGE ( 'NONE', *, *, #2099, .T. ) ;
#2199 = CARTESIAN_POINT ( 'NONE',  ( 63.00000000000000000, -0.2921134470680645245, -6.999999999999998224 ) ) ;
#2200 = AXIS2_PLACEMENT_3D ( 'NONE', #1021, #1804, #2214 ) ;
#2201 = AXIS2_PLACEMENT_3D ( 'NONE', #1344, #190, #24 ) ;
#2202 = DIRECTION ( 'NONE',  ( 0.000000000000000000, 0.7071067811865513475, 0.7071067811865437980 ) ) ;
#2203 = CARTESIAN_POINT ( 'NONE',  ( 2.999999999999992006, -0.5644660940672791005, -7.000000000000006217 ) ) ;
#2204 = CARTESIAN_POINT ( 'NONE',  ( 54.49999999999998579, 1.800000000000000044, -46.49999999999998579 ) ) ;
#2205 = EDGE_CURVE ( 'NONE', #414, #2259, #2499, .T. ) ;
#2206 = AXIS2_PLACEMENT_3D ( 'NONE', #1449, #1214, #1991 ) ;
#2207 = ORIENTED_EDGE ( 'NONE', *, *, #2052, .T. ) ;
#2208 = CARTESIAN_POINT ( 'NONE',  ( 6.050565518974903689, -1.079826887119342382, -53.02542446975478185 ) ) ;
#2209 = AXIS2_PLACEMENT_3D ( 'NONE', #1803, #41, #2402 ) ;
#2210 = ORIENTED_EDGE ( 'NONE', *, *, #1856, .F. ) ;
#2211 = CARTESIAN_POINT ( 'NONE',  ( 0.9026840186870894733, 3.326608326477810935E-10, -53.03072747393197517 ) ) ;
#2212 = ORIENTED_EDGE ( 'NONE', *, *, #1701, .T. ) ;
#2213 = DIRECTION ( 'NONE',  ( -0.000000000000000000, -1.000000000000000000, -0.000000000000000000 ) ) ;
#2214 = DIRECTION ( 'NONE',  ( 0.000000000000000000, 0.000000000000000000, 1.000000000000000000 ) ) ;
#2215 = CARTESIAN_POINT ( 'NONE',  ( 7.999999999999989342, 1.800000000000000044, -9.500000000000007105 ) ) ;
#2216 = FACE_OUTER_BOUND ( 'NONE', #1631, .T. ) ;
#2217 = ORIENTED_EDGE ( 'NONE', *, *, #84, .F. ) ;
#2218 = EDGE_CURVE ( 'NONE', #2357, #370, #1474, .T. ) ;
#2219 = CARTESIAN_POINT ( 'NONE',  ( 6.105672654651751685, -0.4500275152888085217, -52.40226300877815646 ) ) ;
#2220 = EDGE_LOOP ( 'NONE', ( #591, #288, #1679, #891, #804, #154, #976, #694 ) ) ;
#2221 = EDGE_CURVE ( 'NONE', #117, #189, #1951, .T. ) ;
#2222 = CARTESIAN_POINT ( 'NONE',  ( 0.8999999999999811484, 5.421010862427522170E-17, -52.89903837262234276 ) ) ;
#2223 = EDGE_LOOP ( 'NONE', ( #65, #1041 ) ) ;
#2224 = CARTESIAN_POINT ( 'NONE',  ( 0.4999999999999917843, -0.9377223398316447689, -4.500000000000005329 ) ) ;
#2225 = DIRECTION ( 'NONE',  ( 0.000000000000000000, 0.000000000000000000, -1.000000000000000000 ) ) ;
#2226 = CYLINDRICAL_SURFACE ( 'NONE', #179, 1.000000000000000888 ) ;
#2227 = CARTESIAN_POINT ( 'NONE',  ( 2.999999999999992006, 1.800000000000000044, -2.499999999999986233 ) ) ;
#2228 = ORIENTED_EDGE ( 'NONE', *, *, #534, .F. ) ;
#2229 = CARTESIAN_POINT ( 'NONE',  ( 3.499999999999989342, 1.800000000000000044, -51.24999999999999289 ) ) ;
#2230 = EDGE_LOOP ( 'NONE', ( #197, #1094 ) ) ;
#2231 = VERTEX_POINT ( 'NONE', #1577 ) ;
#2232 = DIRECTION ( 'NONE',  ( 0.000000000000000000, 0.000000000000000000, -1.000000000000000000 ) ) ;
#2233 = EDGE_CURVE ( 'NONE', #1999, #1345, #2293, .T. ) ;
#2234 = VERTEX_POINT ( 'NONE', #842 ) ;
#2235 = VECTOR ( 'NONE', #826, 1000.000000000000000 ) ;
#2236 = DIRECTION ( 'NONE',  ( -0.000000000000000000, -1.000000000000000000, -0.000000000000000000 ) ) ;
#2237 = FACE_BOUND ( 'NONE', #1594, .T. ) ;
#2238 = CARTESIAN_POINT ( 'NONE',  ( 4.099999999999978328, 1.800000000000000044, -52.89903837262235697 ) ) ;
#2239 = VECTOR ( 'NONE', #2137, 1000.000000000000000 ) ;
#2240 = CIRCLE ( 'NONE', #1143, 1.449999999999999956 ) ;
#2241 = AXIS2_PLACEMENT_3D ( 'NONE', #741, #1793, #1953 ) ;
#2242 = ORIENTED_EDGE ( 'NONE', *, *, #2066, .F. ) ;
#2243 = FACE_OUTER_BOUND ( 'NONE', #485, .T. ) ;
#2244 = CARTESIAN_POINT ( 'NONE',  ( 0.8999999999999792610, 0.000000000000000000, -51.85589621303189034 ) ) ;
#2245 = AXIS2_PLACEMENT_3D ( 'NONE', #2190, #1641, #291 ) ;
#2246 = ORIENTED_EDGE ( 'NONE', *, *, #2310, .F. ) ;
#2247 = VECTOR ( 'NONE', #136, 1000.000000000000000 ) ;
#2248 = CARTESIAN_POINT ( 'NONE',  ( 63.87555561407825877, 0.000000000000000000, -6.841666578882661831 ) ) ;
#2249 = AXIS2_PLACEMENT_3D ( 'NONE', #1841, #1301, #112 ) ;
#2250 = ORIENTED_EDGE ( 'NONE', *, *, #1324, .F. ) ;
#2251 = EDGE_CURVE ( 'NONE', #1285, #477, #362, .T. ) ;
#2252 = SURFACE_SIDE_STYLE ('',( #721 ) ) ;
#2253 = CARTESIAN_POINT ( 'NONE',  ( 63.00000000000000000, -0.2921134470680575856, 1.387778780781445676E-14 ) ) ;
#2254 = CARTESIAN_POINT ( 'NONE',  ( 5.499999999999990230, 1.800000000000000044, -9.500000000000007105 ) ) ;
#2255 = CARTESIAN_POINT ( 'NONE',  ( 3.499999999999989342, -5.700000000000000178, -49.89999999999997726 ) ) ;
#2256 = ORIENTED_EDGE ( 'NONE', *, *, #669, .T. ) ;
#2257 = CARTESIAN_POINT ( 'NONE',  ( 0.4999999999999917843, 1.800000000000000044, 0.000000000000000000 ) ) ;
#2258 = CARTESIAN_POINT ( 'NONE',  ( 0.8999999999999785949, -1.991665226763869664E-14, -52.17856753424713645 ) ) ;
#2259 = VERTEX_POINT ( 'NONE', #1992 ) ;
#2260 = CARTESIAN_POINT ( 'NONE',  ( 61.49999999999999289, -1.500000000000026423, -3.499999999999996003 ) ) ;
#2261 = ORIENTED_EDGE ( 'NONE', *, *, #2006, .T. ) ;
#2262 = CARTESIAN_POINT ( 'NONE',  ( 61.49999999999999289, 0.000000000000000000, -3.499999999999996003 ) ) ;
#2263 = EDGE_CURVE ( 'NONE', #1531, #72, #1546, .T. ) ;
#2264 = CARTESIAN_POINT ( 'NONE',  ( 3.380230178439777244, -0.5994172256677353650, -55.09787936927764207 ) ) ;
#2265 = CARTESIAN_POINT ( 'NONE',  ( 62.75982244652779229, -0.3867240204662905634, 1.387778780781445676E-14 ) ) ;
#2266 = CARTESIAN_POINT ( 'NONE',  ( 0.8999999999999791500, 0.000000000000000000, -52.89903837262234276 ) ) ;
#2267 = EDGE_CURVE ( 'NONE', #2269, #2468, #2274, .T. ) ;
#2268 = EDGE_CURVE ( 'NONE', #1383, #2436, #2191, .T. ) ;
#2269 = VERTEX_POINT ( 'NONE', #1879 ) ;
#2270 = CARTESIAN_POINT ( 'NONE',  ( 1.260984788276322321, -0.7381852230846928098, -53.83091919759834099 ) ) ;
#2271 = DIRECTION ( 'NONE',  ( 0.000000000000000000, 0.000000000000000000, 1.000000000000000000 ) ) ;
#2272 = ORIENTED_EDGE ( 'NONE', *, *, #1975, .F. ) ;
#2273 = CARTESIAN_POINT ( 'NONE',  ( 63.00000000000000000, -0.2921134470680645245, -6.999999999999998224 ) ) ;
#2274 = CIRCLE ( 'NONE', #764, 2.500000000000000000 ) ;
#2275 = ORIENTED_EDGE ( 'NONE', *, *, #1612, .T. ) ;
#2276 = CARTESIAN_POINT ( 'NONE',  ( 7.999999999999986677, 0.000000000000000000, -41.93205576500784559 ) ) ;
#2277 = DIRECTION ( 'NONE',  ( 0.000000000000000000, -0.000000000000000000, -1.000000000000000000 ) ) ;
#2278 = CARTESIAN_POINT ( 'NONE',  ( 0.000000000000000000, 0.000000000000000000, 0.000000000000000000 ) ) ;
#2279 = ORIENTED_EDGE ( 'NONE', *, *, #1667, .F. ) ;
#2280 = CARTESIAN_POINT ( 'NONE',  ( 5.639547917026626500, -1.649389495743511791, -51.02272727272608677 ) ) ;
#2281 = CARTESIAN_POINT ( 'NONE',  ( 12.49999999999999112, 1.800000000000000044, -44.49999999999999289 ) ) ;
#2282 = EDGE_CURVE ( 'NONE', #745, #1377, #704, .T. ) ;
#2283 = VECTOR ( 'NONE', #1552, 1000.000000000000000 ) ;
#2284 = EDGE_LOOP ( 'NONE', ( #508, #51 ) ) ;
#2285 = FACE_OUTER_BOUND ( 'NONE', #320, .T. ) ;
#2286 = AXIS2_PLACEMENT_3D ( 'NONE', #2469, #558, #1515 ) ;
#2287 = AXIS2_PLACEMENT_3D ( 'NONE', #2077, #1693, #1512 ) ;
#2288 = VERTEX_POINT ( 'NONE', #506 ) ;
#2289 = CARTESIAN_POINT ( 'NONE',  ( 59.50000000000000000, 0.000000000000000000, -9.499999999999998224 ) ) ;
#2290 =( GEOMETRIC_REPRESENTATION_CONTEXT ( 3 ) GLOBAL_UNCERTAINTY_ASSIGNED_CONTEXT ( ( #1201 ) ) GLOBAL_UNIT_ASSIGNED_CONTEXT ( ( #2039, #488, #314 ) ) REPRESENTATION_CONTEXT ( 'NONE', 'WORKASPACE' ) );
#2291 = CARTESIAN_POINT ( 'NONE',  ( 5.973912371264792576, -1.120370510510431794, -53.31335020324533502 ) ) ;
#2292 = PLANE ( 'NONE',  #2308 ) ;
#2293 = B_SPLINE_CURVE_WITH_KNOTS ( 'NONE', 3,
 ( #1200, #1407, #453, #1422 ),
 .UNSPECIFIED., .F., .F.,
 ( 4, 4 ),
 ( 1.355252715606880543E-20, 0.0001470429035325254968 ),
 .UNSPECIFIED. ) ;
#2294 = ORIENTED_EDGE ( 'NONE', *, *, #1368, .F. ) ;
#2295 = CARTESIAN_POINT ( 'NONE',  ( 0.9157128843318013134, -0.3139912154247020415, -52.79068539982979047 ) ) ;
#2296 = CARTESIAN_POINT ( 'NONE',  ( 0.8999999999999908074, -1.403888188471863177E-14, -50.91441629115639245 ) ) ;
#2297 = EDGE_CURVE ( 'NONE', #257, #370, #1607, .T. ) ;
#2298 = ORIENTED_EDGE ( 'NONE', *, *, #1175, .F. ) ;
#2299 = DIRECTION ( 'NONE',  ( 1.062075597536820647E-16, 0.000000000000000000, 1.000000000000000000 ) ) ;
#2300 = ORIENTED_EDGE ( 'NONE', *, *, #1231, .T. ) ;
#2301 = DIRECTION ( 'NONE',  ( 0.000000000000000000, 1.000000000000000000, -0.000000000000000000 ) ) ;
#2302 = CARTESIAN_POINT ( 'NONE',  ( 0.9060747232198320678, -0.08522631074856355793, -52.71198837322641140 ) ) ;
#2303 = CARTESIAN_POINT ( 'NONE',  ( 65.50000000000000000, 0.000000000000000000, -4.500000000000007994 ) ) ;
#2304 = ORIENTED_EDGE ( 'NONE', *, *, #46, .T. ) ;
#2305 = VERTEX_POINT ( 'NONE', #890 ) ;
#2306 = CARTESIAN_POINT ( 'NONE',  ( 4.658116884705850502, -5.184358074874769074E-10, -55.13488248561497329 ) ) ;
#2307 = ORIENTED_EDGE ( 'NONE', *, *, #2328, .F. ) ;
#2308 = AXIS2_PLACEMENT_3D ( 'NONE', #1135, #161, #540 ) ;
#2309 = LINE ( 'NONE', #572, #865 ) ;
#2310 = EDGE_CURVE ( 'NONE', #1337, #604, #2349, .T. ) ;
#2311 = CARTESIAN_POINT ( 'NONE',  ( 5.414625141074198567, -0.3816009809771564454, -50.72742188432081178 ) ) ;
#2312 = CARTESIAN_POINT ( 'NONE',  ( 1.899999999999979483, 1.800000000000000044, -48.90621606661920850 ) ) ;
#2313 =( BOUNDED_SURFACE ( )  B_SPLINE_SURFACE ( 3, 2, ( 
 ( #458, #818, #444 ),
 ( #1621, #857, #1812 ),
 ( #1270, #2219, #2032 ),
 ( #472, #1234, #2008 ),
 ( #48, #1053, #1835 ),
 ( #2398, #274, #78 ),
 ( #1219, #2419, #90 ),
 ( #1247, #1646, #66 ),
 ( #845, #657, #2022 ),
 ( #2194, #1995, #493 ) ),
 .UNSPECIFIED., .F., .F., .F. ) 
 B_SPLINE_SURFACE_WITH_KNOTS ( ( 4, 2, 2, 2, 4 ),
 ( 3, 3 ),
 ( 0.006489649507895997073, 0.007277993673677252834, 0.008066337839458509462, 0.008854682005239766091, 0.009643026171021020984 ),
 ( 0.000000000000000000, 1.000000000000000000 ),
 .UNSPECIFIED. ) 
 GEOMETRIC_REPRESENTATION_ITEM ( )  RATIONAL_B_SPLINE_SURFACE ( (
 ( 1.000000000000000000, 0.9539044822239920451, 1.000000000000000000),
 ( 1.000000000000000000, 0.9585194939543613124, 1.000000000000000000),
 ( 1.000000000000000000, 0.9586012237641939882, 1.000000000000000000),
 ( 1.000000000000000000, 0.9496931836248089231, 1.000000000000000000),
 ( 1.000000000000000000, 0.9408699582777385606, 1.000000000000000000),
 ( 1.000000000000000000, 0.9160964176419473803, 1.000000000000000000),
 ( 1.000000000000000000, 0.8999196647554601469, 1.000000000000000000),
 ( 1.000000000000000000, 0.8617182869319403027, 1.000000000000000000),
 ( 1.000000000000000000, 0.8396912961245762697, 1.000000000000000000),
 ( 1.000000000000000000, 0.8153265576190659170, 1.000000000000000000) ) ) 
 REPRESENTATION_ITEM ( '' )  SURFACE ( )  );
#2314 = FACE_OUTER_BOUND ( 'NONE', #1508, .T. ) ;
#2315 = CARTESIAN_POINT ( 'NONE',  ( 1.309200184929254496, 1.800000000000000044, -48.09939788480101441 ) ) ;
#2316 = ORIENTED_EDGE ( 'NONE', *, *, #1902, .F. ) ;
#2317 = CARTESIAN_POINT ( 'NONE',  ( 4.620054523508852817, -0.4445593515713742727, -54.85188660682945994 ) ) ;
#2318 = VECTOR ( 'NONE', #389, 1000.000000000000000 ) ;
#2319 = ORIENTED_EDGE ( 'NONE', *, *, #1518, .T. ) ;
#2320 = CIRCLE ( 'NONE', #700, 1.449999999999999956 ) ;
#2321 = CARTESIAN_POINT ( 'NONE',  ( 59.50000000000000000, 1.800000000000000044, -6.999999999999998224 ) ) ;
#2322 = CARTESIAN_POINT ( 'NONE',  ( 3.499999999999989342, 0.000000000000000000, -52.49999999999999289 ) ) ;
#2323 = CIRCLE ( 'NONE', #421, 1.250000000000000222 ) ;
#2324 = CARTESIAN_POINT ( 'NONE',  ( 5.567342852375742446, -1.708079670906801573, -50.92322372301812550 ) ) ;
#2325 = EDGE_CURVE ( 'NONE', #1259, #872, #1694, .T. ) ;
#2326 = CARTESIAN_POINT ( 'NONE',  ( 5.499999999999990230, 1.800000000000000044, -7.000000000000006217 ) ) ;
#2327 = DIRECTION ( 'NONE',  ( 0.000000000000000000, 0.000000000000000000, 1.000000000000000000 ) ) ;
#2328 = EDGE_CURVE ( 'NONE', #1328, #2434, #246, .T. ) ;
#2329 =( BOUNDED_SURFACE ( )  B_SPLINE_SURFACE ( 3, 2, ( 
 ( #1783, #2131, #1382 ),
 ( #8, #403, #380 ),
 ( #415, #228, #1152 ),
 ( #1943, #1164, #2306 ),
 ( #794, #2317, #1579 ),
 ( #1189, #1982, #1969 ),
 ( #999, #1734, #1550 ),
 ( #1932, #2344, #1756 ),
 ( #392, #1592, #2496 ),
 ( #1174, #957, #200 ),
 ( #1744, #781, #569 ),
 ( #1358, #213, #2356 ),
 ( #581, #2169, #967 ),
 ( #2332, #1203, #593 ),
 ( #947, #1370, #1632 ),
 ( #2208, #644, #632 ),
 ( #1067, #1425, #2410 ),
 ( #1823, #1440, #1410 ) ),
 .UNSPECIFIED., .F., .F., .T. ) 
 B_SPLINE_SURFACE_WITH_KNOTS ( ( 4, 2, 2, 2, 2, 2, 2, 2, 4 ),
 ( 3, 3 ),
 ( 0.001252885017813755268, 0.002008264023015600766, 0.002763643028217446698, 0.003519022033419292629, 0.004274401038621138127, 0.005029780043822983625, 0.005785159049024829123, 0.006540538054226675488, 0.007295917059428520986 ),
 ( 0.000000000000000000, 1.000000000000000000 ),
 .UNSPECIFIED. ) 
 GEOMETRIC_REPRESENTATION_ITEM ( )  RATIONAL_B_SPLINE_SURFACE ( (
 ( 1.000000000000000000, 0.9781438722967379373, 1.000000000000000000),
 ( 1.000000000000000000, 0.9737570503373845776, 1.000000000000000000),
 ( 1.000000000000000000, 0.9695835001614958593, 1.000000000000000000),
 ( 1.000000000000000000, 0.9618152181926136191, 1.000000000000000000),
 ( 1.000000000000000000, 0.9581918956320917280, 1.000000000000000000),
 ( 1.000000000000000000, 0.9518606323781279022, 1.000000000000000000),
 ( 1.000000000000000000, 0.9491331506003404250, 1.000000000000000000),
 ( 1.000000000000000000, 0.9446337548762404612, 1.000000000000000000),
 ( 1.000000000000000000, 0.9428678305597916198, 1.000000000000000000),
 ( 1.000000000000000000, 0.9404887433921548245, 1.000000000000000000),
 ( 1.000000000000000000, 0.9398500764211252800, 1.000000000000000000),
 ( 1.000000000000000000, 0.9397087039075360249, 1.000000000000000000),
 ( 1.000000000000000000, 0.9402208306904404900, 1.000000000000000000),
 ( 1.000000000000000000, 0.9423387065603228141, 1.000000000000000000),
 ( 1.000000000000000000, 0.9439403391828388168, 1.000000000000000000),
 ( 1.000000000000000000, 0.9481975463047721542, 1.000000000000000000),
 ( 1.000000000000000000, 0.9508668614019576415, 1.000000000000000000),
 ( 1.000000000000000000, 0.9539044822239920451, 1.000000000000000000) ) ) 
 REPRESENTATION_ITEM ( '' )  SURFACE ( )  );
#2330 = CARTESIAN_POINT ( 'NONE',  ( 0.8999999999999791500, 1.800000000000000044, -52.89903837262234276 ) ) ;
#2331 = ORIENTED_EDGE ( 'NONE', *, *, #2221, .F. ) ;
#2332 = CARTESIAN_POINT ( 'NONE',  ( 5.926281860984594196, -1.133983537634756678, -53.44576193472590830 ) ) ;
#2333 = EDGE_LOOP ( 'NONE', ( #404, #1695, #2307, #1463 ) ) ;
#2334 = CARTESIAN_POINT ( 'NONE',  ( 3.742851898080649331, -0.2964023127515688083, -55.09193600063807850 ) ) ;
#2335 = CARTESIAN_POINT ( 'NONE',  ( 65.50000000000000000, 1.800000000000000044, -2.499999999999996003 ) ) ;
#2336 = DIRECTION ( 'NONE',  ( 0.000000000000000000, 0.000000000000000000, 1.000000000000000000 ) ) ;
#2337 = CARTESIAN_POINT ( 'NONE',  ( 61.49999999999999289, 0.000000000000000000, -3.499999999999996003 ) ) ;
#2338 = CARTESIAN_POINT ( 'NONE',  ( 61.75907382238092680, -0.6000000000000279554, -6.999999999999999112 ) ) ;
#2339 = VERTEX_POINT ( 'NONE', #1050 ) ;
#2340 = DIRECTION ( 'NONE',  ( 0.000000000000000000, 0.000000000000000000, 1.000000000000000000 ) ) ;
#2341 = ADVANCED_FACE ( 'NONE', ( #2216 ), #1064, .T. ) ;
#2342 = EDGE_CURVE ( 'NONE', #189, #1240, #330, .T. ) ;
#2343 = ORIENTED_EDGE ( 'NONE', *, *, #2420, .F. ) ;
#2344 = CARTESIAN_POINT ( 'NONE',  ( 5.195166431996612211, -0.4896508343735674340, -54.47672105931027886 ) ) ;
#2345 = ORIENTED_EDGE ( 'NONE', *, *, #1745, .F. ) ;
#2346 = PLANE ( 'NONE',  #1184 ) ;
#2347 = CARTESIAN_POINT ( 'NONE',  ( 6.609751903162080389, 0.000000000000000000, -49.38721296893284318 ) ) ;
#2348 = CARTESIAN_POINT ( 'NONE',  ( 5.607621693447856437, -1.674650863864413752, -50.97752475778970194 ) ) ;
#2349 = CIRCLE ( 'NONE', #1790, 1.449999999999999956 ) ;
#2350 = CYLINDRICAL_SURFACE ( 'NONE', #1138, 22.50000000000000000 ) ;
#2351 = FACE_OUTER_BOUND ( 'NONE', #965, .T. ) ;
#2352 = CARTESIAN_POINT ( 'NONE',  ( 3.499999999999989342, -1.800000000000000044, -52.49999999999999289 ) ) ;
#2353 = LINE ( 'NONE', #980, #978 ) ;
#2354 = EDGE_LOOP ( 'NONE', ( #2130, #2067, #1514, #111 ) ) ;
#2355 = ADVANCED_FACE ( 'NONE', ( #668 ), #103, .F. ) ;
#2356 = CARTESIAN_POINT ( 'NONE',  ( 6.086628431993731603, -2.746516927489969976E-10, -54.06840513225760958 ) ) ;
#2357 = VERTEX_POINT ( 'NONE', #1088 ) ;
#2358 = CARTESIAN_POINT ( 'NONE',  ( 3.504361800599567367, -0.2828631208405407715, -55.10255678971103777 ) ) ;
#2359 = DIRECTION ( 'NONE',  ( -0.000000000000000000, -1.000000000000000000, -0.000000000000000000 ) ) ;
#2360 = CIRCLE ( 'NONE', #1438, 2.600000000000012079 ) ;
#2361 = CARTESIAN_POINT ( 'NONE',  ( 5.575932880371029299, -1.701020491540246260, -50.93458925685553851 ) ) ;
#2362 = CARTESIAN_POINT ( 'NONE',  ( 1.507426019194906264, -1.631357994450884696, -50.82608016988782396 ) ) ;
#2363 = CARTESIAN_POINT ( 'NONE',  ( 52.49999999999999289, 0.000000000000000000, -44.49999999999999289 ) ) ;
#2364 = AXIS2_PLACEMENT_3D ( 'NONE', #2473, #1520, #1299 ) ;
#2365 = PRODUCT_DEFINITION_SHAPE ( 'NONE', 'NONE',  #1636 ) ;
#2366 = CIRCLE ( 'NONE', #1525, 2.500000000000000000 ) ;
#2367 = CARTESIAN_POINT ( 'NONE',  ( 6.400000000001312195, 0.000000000000000000, -49.78013914376860072 ) ) ;
#2368 = DIRECTION ( 'NONE',  ( 0.000000000000000000, 0.000000000000000000, 1.000000000000000000 ) ) ;
#2369 = DIRECTION ( 'NONE',  ( 0.000000000000000000, 0.000000000000000000, -1.000000000000000000 ) ) ;
#2370 = PLANE ( 'NONE',  #1590 ) ;
#2371 = AXIS2_PLACEMENT_3D ( 'NONE', #169, #586, #1361 ) ;
#2372 = ORIENTED_EDGE ( 'NONE', *, *, #2374, .F. ) ;
#2373 = CARTESIAN_POINT ( 'NONE',  ( 12.49999999999999289, 0.000000000000000000, -4.499999999999990230 ) ) ;
#2374 = EDGE_CURVE ( 'NONE', #185, #2305, #1415, .T. ) ;
#2375 = VERTEX_POINT ( 'NONE', #1489 ) ;
#2376 = CARTESIAN_POINT ( 'NONE',  ( 0.9166877648765435760, -0.3255262979292511960, -52.80139063093483287 ) ) ;
#2377 = DIRECTION ( 'NONE',  ( -0.000000000000000000, -1.000000000000000000, -0.000000000000000000 ) ) ;
#2378 = ADVANCED_FACE ( 'NONE', ( #1294 ), #305, .T. ) ;
#2379 = VERTEX_POINT ( 'NONE', #1460 ) ;
#2380 = CYLINDRICAL_SURFACE ( 'NONE', #1472, 1.449999999999999956 ) ;
#2381 = CYLINDRICAL_SURFACE ( 'NONE', #583, 2.600000000000010747 ) ;
#2382 = CARTESIAN_POINT ( 'NONE',  ( 3.499999999999996003, -5.700000000000000178, -4.749999999999996447 ) ) ;
#2383 = CARTESIAN_POINT ( 'NONE',  ( 0.8999999999999791500, 0.000000000000000000, -52.89903837262234276 ) ) ;
#2384 = ORIENTED_EDGE ( 'NONE', *, *, #1657, .T. ) ;
#2385 = CARTESIAN_POINT ( 'NONE',  ( 52.49999999999999289, 1.800000000000000044, -3.049999999999990052 ) ) ;
#2386 = ORIENTED_EDGE ( 'NONE', *, *, #1397, .F. ) ;
#2387 = CARTESIAN_POINT ( 'NONE',  ( 0.9180942363415093288, -0.1265143589137270597, -52.81683519196439391 ) ) ;
#2388 = CARTESIAN_POINT ( 'NONE',  ( 1.582307647861062927, -0.4771315168493546199, -50.69607623353970638 ) ) ;
#2389 = ORIENTED_EDGE ( 'NONE', *, *, #2080, .T. ) ;
#2390 = ADVANCED_FACE ( 'NONE', ( #678 ), #1284, .T. ) ;
#2391 = DIRECTION ( 'NONE',  ( 2.991894644029227021E-16, 0.000000000000000000, 1.000000000000000000 ) ) ;
#2392 = VECTOR ( 'NONE', #1450, 1000.000000000000000 ) ;
#2393 = CARTESIAN_POINT ( 'NONE',  ( 3.499999999999989342, -1.800000000000000044, -52.49999999999999289 ) ) ;
#2394 = CYLINDRICAL_SURFACE ( 'NONE', #623, 1.250000000000000222 ) ;
#2395 = DIRECTION ( 'NONE',  ( -0.000000000000000000, -1.000000000000000000, 0.000000000000000000 ) ) ;
#2396 = CARTESIAN_POINT ( 'NONE',  ( 5.395768577909156427, -1.795889203315534699, -50.72018336161131202 ) ) ;
#2397 = ORIENTED_EDGE ( 'NONE', *, *, #1144, .T. ) ;
#2398 = CARTESIAN_POINT ( 'NONE',  ( 5.972687047861576559, -1.264756675580487766, -51.68279481792531271 ) ) ;
#2399 = ORIENTED_EDGE ( 'NONE', *, *, #31, .T. ) ;
#2400 = CARTESIAN_POINT ( 'NONE',  ( 1.076928694228464600, -0.6414217631294555355, -53.45521793750081940 ) ) ;
#2401 = ORIENTED_EDGE ( 'NONE', *, *, #348, .F. ) ;
#2402 = DIRECTION ( 'NONE',  ( 0.000000000000000000, 0.000000000000000000, 1.000000000000000000 ) ) ;
#2403 = VECTOR ( 'NONE', #1747, 1000.000000000000000 ) ;
#2404 = EDGE_CURVE ( 'NONE', #511, #1771, #476, .T. ) ;
#2405 = CIRCLE ( 'NONE', #1314, 2.600000000000012079 ) ;
#2406 = DIRECTION ( 'NONE',  ( 0.000000000000000000, 0.000000000000000000, 1.000000000000000000 ) ) ;
#2407 = DIRECTION ( 'NONE',  ( 0.000000000000000000, 0.000000000000000000, -1.000000000000000000 ) ) ;
#2408 = CARTESIAN_POINT ( 'NONE',  ( 0.9107142822032617824, -0.2548449321805835166, -52.73579540202035076 ) ) ;
#2409 = VERTEX_POINT ( 'NONE', #2255 ) ;
#2410 = CARTESIAN_POINT ( 'NONE',  ( 6.400000000584878279, 8.482525851721912713E-10, -53.04660169643847922 ) ) ;
#2411 = AXIS2_PLACEMENT_3D ( 'NONE', #1155, #2359, #1596 ) ;
#2412 = EDGE_LOOP ( 'NONE', ( #1245, #1718, #1784, #952 ) ) ;
#2413 = CARTESIAN_POINT ( 'NONE',  ( 1.184406564259563810, 2.579514362481675740E-10, -54.01743215785071328 ) ) ;
#2414 = EDGE_LOOP ( 'NONE', ( #1591, #203, #2256, #1287, #2097, #363, #1467, #2007 ) ) ;
#2415 = LINE ( 'NONE', #1675, #1651 ) ;
#2416 = CARTESIAN_POINT ( 'NONE',  ( 3.499999999999996003, 0.000000000000000000, -3.499999999999996003 ) ) ;
#2417 = CARTESIAN_POINT ( 'NONE',  ( 52.49999999999999289, 1.800000000000000044, -43.04999999999999005 ) ) ;
#2418 = VERTEX_POINT ( 'NONE', #2019 ) ;
#2419 = CARTESIAN_POINT ( 'NONE',  ( 5.820016593978402319, -0.5194148981105154439, -51.28328601823697142 ) ) ;
#2420 = EDGE_CURVE ( 'NONE', #1411, #563, #2065, .T. ) ;
#2421 = EDGE_CURVE ( 'NONE', #1836, #212, #139, .T. ) ;
#2422 = ORIENTED_EDGE ( 'NONE', *, *, #534, .T. ) ;
#2423 = CARTESIAN_POINT ( 'NONE',  ( 1.447721677186194933, -3.791338206407276613E-11, -54.39674752395598745 ) ) ;
#2424 =( BOUNDED_SURFACE ( )  B_SPLINE_SURFACE ( 3, 2, ( 
 ( #1623, #2387, #2222 ),
 ( #2376, #110, #93 ),
 ( #1826, #1634, #2211 ),
 ( #1412, #286, #2035 ),
 ( #1427, #2196, #459 ),
 ( #1273, #1238, #312 ),
 ( #2400, #1865, #1444 ),
 ( #873, #1056, #1837 ),
 ( #859, #1650, #2413 ),
 ( #486, #1260, #122 ),
 ( #884, #296, #2423 ),
 ( #1130, #336, #2098 ),
 ( #2448, #350, #324 ),
 ( #1685, #134, #1507 ),
 ( #1108, #1908, #933 ),
 ( #709, #361, #2435 ),
 ( #920, #1699, #1288 ),
 ( #167, #1723, #2485 ),
 ( #512, #695, #1533 ),
 ( #2059, #561, #732 ) ),
 .UNSPECIFIED., .F., .F., .F. ) 
 B_SPLINE_SURFACE_WITH_KNOTS ( ( 4, 2, 2, 2, 2, 2, 2, 2, 2, 4 ),
 ( 3, 3 ),
 ( 0.0003346204789659049605, 0.0007344725492381944327, 0.001134324619510483851, 0.001934028760055062903, 0.002733732900599641739, 0.003533437041144220792, 0.004333141181688799845, 0.005132845322233378464, 0.005932549462777957083, 0.006732253603322536570 ),
 ( 0.000000000000000000, 1.000000000000000000 ),
 .UNSPECIFIED. ) 
 GEOMETRIC_REPRESENTATION_ITEM ( )  RATIONAL_B_SPLINE_SURFACE ( (
 ( 1.000000000000000000, 0.9964555625112059278, 1.000000000000000000),
 ( 1.000000000000000000, 0.9950800185770189987, 1.000000000000000000),
 ( 1.000000000000000000, 0.9936380947686180853, 1.000000000000000000),
 ( 1.000000000000000000, 0.9907936194204478575, 1.000000000000000000),
 ( 1.000000000000000000, 0.9894104536083594414, 1.000000000000000000),
 ( 1.000000000000000000, 0.9854429514156747283, 1.000000000000000000),
 ( 1.000000000000000000, 0.9830161907267915833, 1.000000000000000000),
 ( 1.000000000000000000, 0.9788188366148760089, 1.000000000000000000),
 ( 1.000000000000000000, 0.9770620121274786740, 1.000000000000000000),
 ( 1.000000000000000000, 0.9742709855164395361, 1.000000000000000000),
 ( 1.000000000000000000, 0.9732441101582339771, 1.000000000000000000),
 ( 1.000000000000000000, 0.9720212139492284686, 1.000000000000000000),
 ( 1.000000000000000000, 0.9718086255734686985, 1.000000000000000000),
 ( 1.000000000000000000, 0.9722050334373032454, 1.000000000000000000),
 ( 1.000000000000000000, 0.9728188188955749771, 1.000000000000000000),
 ( 1.000000000000000000, 0.9748084894109688703, 1.000000000000000000),
 ( 1.000000000000000000, 0.9761855183556222837, 1.000000000000000000),
 ( 1.000000000000000000, 0.9797023400539568438, 1.000000000000000000),
 ( 1.000000000000000000, 0.9817882535338647854, 1.000000000000000000),
 ( 1.000000000000000000, 0.9841505052700719736, 1.000000000000000000) ) ) 
 REPRESENTATION_ITEM ( '' )  SURFACE ( )  );
#2425 = ORIENTED_EDGE ( 'NONE', *, *, #157, .T. ) ;
#2426 = CARTESIAN_POINT ( 'NONE',  ( 12.49999999999999112, 1.800000000000000044, -44.49999999999999289 ) ) ;
#2427 = CARTESIAN_POINT ( 'NONE',  ( 12.49999999999999112, 1.800000000000000044, -45.94999999999998863 ) ) ;
#2428 = DIRECTION ( 'NONE',  ( 0.000000000000000000, -1.000000000000000000, 0.000000000000000000 ) ) ;
#2429 = DIRECTION ( 'NONE',  ( -0.000000000000000000, -1.000000000000000000, -0.000000000000000000 ) ) ;
#2430 = ORIENTED_EDGE ( 'NONE', *, *, #470, .T. ) ;
#2431 = CARTESIAN_POINT ( 'NONE',  ( 3.199999999999995293, 0.000000000000000000, -55.19903837262236124 ) ) ;
#2432 = DIRECTION ( 'NONE',  ( -1.062075597536820524E-16, 0.000000000000000000, -1.000000000000000000 ) ) ;
#2433 = ADVANCED_FACE ( 'NONE', ( #903 ), #2456, .F. ) ;
#2434 = VERTEX_POINT ( 'NONE', #1527 ) ;
#2435 = CARTESIAN_POINT ( 'NONE',  ( 2.456976051002480954, 1.188901775696968474E-10, -55.08107650779145814 ) ) ;
#2436 = VERTEX_POINT ( 'NONE', #1751 ) ;
#2437 = CARTESIAN_POINT ( 'NONE',  ( 3.199999999999978861, 0.000000000000000000, -52.89903837262236408 ) ) ;
#2438 = CARTESIAN_POINT ( 'NONE',  ( 12.49999999999999289, 1.800000000000000044, -4.499999999999990230 ) ) ;
#2439 = CARTESIAN_POINT ( 'NONE',  ( 5.463564948508047081, -1.149417928736383931, -54.21063167028810170 ) ) ;
#2440 = DIRECTION ( 'NONE',  ( 0.000000000000000000, -1.000000000000000000, 0.000000000000000000 ) ) ;
#2441 = VECTOR ( 'NONE', #1511, 1000.000000000000000 ) ;
#2442 = EDGE_LOOP ( 'NONE', ( #1622, #2507, #1875, #1782 ) ) ;
#2443 = CARTESIAN_POINT ( 'NONE',  ( 52.49999999999999289, 1.800000000000000044, -3.049999999999990052 ) ) ;
#2444 = CARTESIAN_POINT ( 'NONE',  ( 3.499999999999996003, -0.6000000000000176303, 1.387778780781445676E-14 ) ) ;
#2445 = CIRCLE ( 'NONE', #1190, 2.600000000000012079 ) ;
#2446 = ORIENTED_EDGE ( 'NONE', *, *, #991, .T. ) ;
#2447 = COLOUR_RGB ( '',0.2862745098039215508, 0.6627450980392156632, 0.3294117647058823484 ) ;
#2448 = CARTESIAN_POINT ( 'NONE',  ( 1.900619741739221880, -0.8249379346665858259, -54.55576366907955332 ) ) ;
#2449 = ADVANCED_FACE ( 'NONE', ( #2314 ), #2292, .F. ) ;
#2450 = AXIS2_PLACEMENT_3D ( 'NONE', #165, #559, #2271 ) ;
#2451 = ORIENTED_EDGE ( 'NONE', *, *, #1043, .T. ) ;
#2452 = CARTESIAN_POINT ( 'NONE',  ( 4.099999999999962341, 1.800000000000000044, -55.19903837262236124 ) ) ;
#2453 = ADVANCED_FACE ( 'NONE', ( #1739 ), #368, .F. ) ;
#2454 = CARTESIAN_POINT ( 'NONE',  ( 3.439839463078010695, -0.5888374497166959376, -55.10000000000000853 ) ) ;
#2455 = CARTESIAN_POINT ( 'NONE',  ( 5.257040307889148778, -1.127248070198940688, -54.42214915520489171 ) ) ;
#2456 = CYLINDRICAL_SURFACE ( 'NONE', #1212, 2.500000000000002220 ) ;
#2457 = VERTEX_POINT ( 'NONE', #577 ) ;
#2458 = CARTESIAN_POINT ( 'NONE',  ( 1.185784488493196287, -0.7080625204369437320, -53.69510526167290720 ) ) ;
#2459 = CARTESIAN_POINT ( 'NONE',  ( 1.074321318760723898, -0.3777062388591779785, -51.49885746192198610 ) ) ;
#2460 = ORIENTED_EDGE ( 'NONE', *, *, #1258, .F. ) ;
#2461 = CARTESIAN_POINT ( 'NONE',  ( 56.99999999999999289, 1.800000000000000044, -9.499999999999998224 ) ) ;
#2462 = EDGE_LOOP ( 'NONE', ( #905, #1941, #2275, #2384 ) ) ;
#2463 = FILL_AREA_STYLE_COLOUR ( '', #2447 ) ;
#2464 = ADVANCED_FACE ( 'NONE', ( #737 ), #751, .F. ) ;
#2465 = DIRECTION ( 'NONE',  ( -1.000000000000000000, 0.000000000000000000, -0.000000000000000000 ) ) ;
#2466 = CARTESIAN_POINT ( 'NONE',  ( 52.49999999999999289, 1.800000000000000044, -5.949999999999990408 ) ) ;
#2467 = CARTESIAN_POINT ( 'NONE',  ( 12.49999999999999112, 1.800000000000000044, -43.04999999999999005 ) ) ;
#2468 = VERTEX_POINT ( 'NONE', #2303 ) ;
#2469 = CARTESIAN_POINT ( 'NONE',  ( 1.899999999999979483, 1.800000000000000044, -48.90621606661920850 ) ) ;
#2470 = DIRECTION ( 'NONE',  ( 0.000000000000000000, 1.000000000000000000, -0.000000000000000000 ) ) ;
#2471 = LINE ( 'NONE', #1682, #1357 ) ;
#2472 = VERTEX_POINT ( 'NONE', #184 ) ;
#2473 = CARTESIAN_POINT ( 'NONE',  ( 3.499999999999996003, -5.700000000000000178, -3.499999999999996003 ) ) ;
#2474 = CIRCLE ( 'NONE', #1547, 22.50000000000000355 ) ;
#2475 = EDGE_LOOP ( 'NONE', ( #2106, #870 ) ) ;
#2476 = CARTESIAN_POINT ( 'NONE',  ( 3.499999999999996447, -5.700000000000000178, -6.100000000000006750 ) ) ;
#2477 = DIRECTION ( 'NONE',  ( -0.000000000000000000, -1.000000000000000000, -0.000000000000000000 ) ) ;
#2478 = EDGE_CURVE ( 'NONE', #372, #414, #1048, .T. ) ;
#2479 = ORIENTED_EDGE ( 'NONE', *, *, #99, .F. ) ;
#2480 = CARTESIAN_POINT ( 'NONE',  ( 0.4999999999999918954, -1.100120635652660050, -3.668193114494068929 ) ) ;
#2481 = DIRECTION ( 'NONE',  ( -0.000000000000000000, -1.000000000000000000, -0.000000000000000000 ) ) ;
#2482 = LINE ( 'NONE', #1323, #1036 ) ;
#2483 = VECTOR ( 'NONE', #1499, 1000.000000000000000 ) ;
#2484 = EDGE_LOOP ( 'NONE', ( #1276, #2399, #2446, #2345 ) ) ;
#2485 = CARTESIAN_POINT ( 'NONE',  ( 2.903369081146251141, -1.290866647606490318E-10, -55.18495937712274468 ) ) ;
#2486 = CIRCLE ( 'NONE', #2002, 1.800000000000000044 ) ;
#2487 = AXIS2_PLACEMENT_3D ( 'NONE', #1435, #2177, #1009 ) ;
#2488 = VERTEX_POINT ( 'NONE', #1894 ) ;
#2489 = CARTESIAN_POINT ( 'NONE',  ( 56.99999999999999289, 1.800000000000000044, -8.071774541279836674E-15 ) ) ;
#2490 = CONICAL_SURFACE ( 'NONE', #2209, 2.600000000000010747, 0.7853981633974428389 ) ;
#2491 = FACE_OUTER_BOUND ( 'NONE', #861, .T. ) ;
#2492 = CARTESIAN_POINT ( 'NONE',  ( 4.099999999999962341, 1.800000000000000044, -55.19903837262236124 ) ) ;
#2493 = CYLINDRICAL_SURFACE ( 'NONE', #777, 2.500000000000000000 ) ;
#2494 = VERTEX_POINT ( 'NONE', #376 ) ;
#2495 = EDGE_CURVE ( 'NONE', #272, #604, #1115, .T. ) ;
#2496 = CARTESIAN_POINT ( 'NONE',  ( 5.590867088897923054, -1.654398072716316936E-11, -54.65715867153043916 ) ) ;
#2497 = ORIENTED_EDGE ( 'NONE', *, *, #502, .T. ) ;
#2498 = DIRECTION ( 'NONE',  ( -0.000000000000000000, -1.000000000000000000, -0.000000000000000000 ) ) ;
#2499 = B_SPLINE_CURVE_WITH_KNOTS ( 'NONE', 3,
 ( #1023, #76, #602, #2203 ),
 .UNSPECIFIED., .F., .F.,
 ( 4, 4 ),
 ( 0.002071216356396450402, 0.002562999637370986118 ),
 .UNSPECIFIED. ) ;
#2500 = CARTESIAN_POINT ( 'NONE',  ( 61.14957512059943667, -0.6000000000000281775, -6.999999999999998224 ) ) ;
#2501 = DIRECTION ( 'NONE',  ( -3.965082230804119570E-15, 0.000000000000000000, -1.000000000000000000 ) ) ;
#2502 = ORIENTED_EDGE ( 'NONE', *, *, #2268, .T. ) ;
#2503 = CARTESIAN_POINT ( 'NONE',  ( 3.018251046079078126, -0.7140192860941297903, -55.07314140647710587 ) ) ;
#2504 = ORIENTED_EDGE ( 'NONE', *, *, #1811, .T. ) ;
#2505 = FACE_OUTER_BOUND ( 'NONE', #463, .T. ) ;
#2506 = EDGE_CURVE ( 'NONE', #2357, #2375, #556, .T. ) ;
#2507 = ORIENTED_EDGE ( 'NONE', *, *, #84, .T. ) ;
#2508 = FACE_BOUND ( 'NONE', #1736, .T. ) ;
#2509 = DIRECTION ( 'NONE',  ( 1.416100796715760863E-16, 0.000000000000000000, 1.000000000000000000 ) ) ;
ENDSEC;
END-ISO-10303-21;
